-- Adminer 4.8.1 MySQL 5.5.5-10.8.3-MariaDB-1:10.8.3+maria~jammy dump

SET NAMES utf8;
SET time_zone = '+00:00';
SET foreign_key_checks = 0;
SET sql_mode = 'NO_AUTO_VALUE_ON_ZERO';

SET NAMES utf8mb4;

DROP DATABASE IF EXISTS `DocWeboxDB`;
CREATE DATABASE `DocWeboxDB` /*!40100 DEFAULT CHARACTER SET utf8mb4 */;
USE `DocWeboxDB`;

DROP TABLE IF EXISTS `admins`;
CREATE TABLE `admins` (
  `id` int(11) NOT NULL AUTO_INCREMENT,
  `username` varchar(50) NOT NULL,
  `password` varchar(255) NOT NULL,
  PRIMARY KEY (`id`),
  UNIQUE KEY `username` (`username`)
) ENGINE=InnoDB DEFAULT CHARSET=utf8mb4;

TRUNCATE `admins`;
INSERT INTO `admins` (`id`, `username`, `password`) VALUES
(1,	'tguillon0',	'n8yaBX7wDldN'),
(2,	'ljanz1',	'9AF7467uMY'),
(3,	'gmariolle2',	'UxHvmrXC'),
(4,	'gcolombier3',	'wqsasTKJ6'),
(5,	'cdripp4',	'lwis4G');

DROP TABLE IF EXISTS `appointments`;
CREATE TABLE `appointments` (
  `id` int(11) NOT NULL AUTO_INCREMENT,
  `date` datetime NOT NULL,
  `confirmed` tinyint(1) DEFAULT 0,
  `patientID` int(11) NOT NULL,
  `doctorID` int(11) NOT NULL,
  PRIMARY KEY (`id`),
  KEY `patientID` (`patientID`),
  KEY `doctorID` (`doctorID`),
  CONSTRAINT `appointments_ibfk_1` FOREIGN KEY (`patientID`) REFERENCES `patients` (`id`),
  CONSTRAINT `appointments_ibfk_2` FOREIGN KEY (`doctorID`) REFERENCES `doctors` (`id`)
) ENGINE=InnoDB DEFAULT CHARSET=utf8mb4;

TRUNCATE `appointments`;
INSERT INTO `appointments` (`id`, `date`, `confirmed`, `patientID`, `doctorID`) VALUES
(1,	'2022-10-26 03:54:29',	1,	97,	32),
(2,	'2022-05-14 23:57:01',	0,	50,	25),
(3,	'2023-03-04 21:30:56',	1,	4,	23),
(4,	'2022-03-04 18:16:54',	1,	43,	27),
(5,	'2022-08-13 12:46:34',	0,	41,	37),
(6,	'2022-10-11 22:12:03',	0,	10,	24),
(7,	'2022-09-19 06:21:16',	1,	87,	25),
(8,	'2022-07-14 14:48:30',	0,	55,	11),
(9,	'2023-03-22 09:52:13',	1,	29,	46),
(10,	'2023-02-07 00:48:10',	1,	33,	14),
(11,	'2022-06-06 17:59:44',	1,	6,	20),
(12,	'2023-03-20 18:29:25',	1,	52,	24),
(13,	'2022-06-03 16:17:50',	0,	2,	16),
(14,	'2023-03-06 13:41:12',	0,	31,	40),
(15,	'2022-12-19 01:46:07',	0,	71,	18),
(16,	'2022-02-18 19:03:24',	1,	75,	43),
(17,	'2023-02-08 01:46:27',	0,	78,	11),
(18,	'2022-05-31 07:05:05',	1,	51,	49),
(19,	'2022-07-01 14:59:33',	1,	52,	6),
(20,	'2023-02-03 06:01:49',	1,	66,	15),
(21,	'2022-01-18 22:34:19',	0,	6,	46),
(22,	'2022-03-06 23:16:29',	0,	32,	45),
(23,	'2022-10-06 05:08:12',	1,	13,	42),
(24,	'2022-05-23 23:25:54',	0,	33,	30),
(25,	'2022-01-22 08:11:52',	1,	37,	45),
(26,	'2022-10-31 11:41:25',	1,	79,	1),
(27,	'2022-12-25 21:58:50',	0,	12,	4),
(28,	'2023-03-06 18:59:35',	0,	45,	26),
(29,	'2023-02-15 13:26:31',	1,	89,	29),
(30,	'2022-09-23 08:14:24',	1,	45,	6),
(31,	'2022-12-29 10:40:44',	0,	24,	15),
(32,	'2022-08-14 15:44:22',	1,	66,	43),
(33,	'2022-11-07 13:01:13',	0,	94,	10),
(34,	'2022-05-27 02:56:10',	0,	28,	9),
(35,	'2023-01-28 07:33:09',	1,	62,	18),
(36,	'2022-09-19 07:46:40',	1,	33,	35),
(37,	'2022-03-07 21:08:12',	1,	79,	28),
(38,	'2022-12-03 05:08:26',	0,	5,	11),
(39,	'2022-09-24 03:01:16',	0,	79,	23),
(40,	'2023-02-05 21:40:03',	0,	15,	45),
(41,	'2022-01-19 16:20:00',	1,	31,	44),
(42,	'2022-03-25 22:59:09',	0,	25,	24),
(43,	'2022-10-12 21:10:02',	1,	34,	45),
(44,	'2022-09-01 19:45:09',	0,	63,	1),
(45,	'2022-08-05 11:42:53',	1,	33,	23),
(46,	'2022-03-21 17:48:10',	1,	63,	3),
(47,	'2023-02-20 08:19:14',	1,	1,	1),
(48,	'2022-02-28 21:02:43',	0,	53,	18),
(49,	'2022-10-26 09:54:16',	1,	76,	24),
(50,	'2023-01-20 08:14:25',	1,	13,	3),
(51,	'2022-09-12 15:58:47',	0,	31,	27),
(52,	'2022-08-27 20:12:42',	0,	16,	33),
(53,	'2022-03-31 03:40:25',	1,	27,	4),
(54,	'2022-01-19 06:09:14',	0,	84,	19),
(55,	'2022-08-01 19:47:37',	0,	70,	21),
(56,	'2022-09-17 04:49:17',	1,	71,	39),
(57,	'2022-07-19 10:59:22',	0,	26,	46),
(58,	'2022-05-26 17:58:35',	0,	83,	22),
(59,	'2022-12-13 16:51:32',	1,	46,	49),
(60,	'2023-01-24 02:38:45',	1,	18,	28),
(61,	'2022-02-13 09:39:46',	0,	11,	15),
(62,	'2022-08-26 05:11:11',	1,	68,	14),
(63,	'2022-05-14 06:38:35',	1,	58,	24),
(64,	'2022-04-12 01:10:22',	0,	40,	46),
(65,	'2022-12-06 03:12:48',	0,	23,	44),
(66,	'2022-02-23 20:07:12',	1,	22,	3),
(67,	'2023-01-05 04:56:37',	1,	82,	11),
(68,	'2022-04-10 10:11:02',	1,	91,	2),
(69,	'2022-06-26 14:36:29',	1,	26,	43),
(70,	'2023-03-15 11:12:51',	0,	60,	28),
(71,	'2022-07-05 13:55:55',	1,	71,	44),
(72,	'2023-02-06 09:00:14',	1,	28,	34),
(73,	'2023-01-16 23:13:58',	1,	81,	43),
(74,	'2023-02-25 13:44:46',	0,	13,	12),
(75,	'2022-08-15 14:36:07',	1,	20,	19),
(76,	'2023-01-07 11:23:57',	1,	29,	43),
(77,	'2022-10-02 14:50:17',	0,	54,	45),
(78,	'2022-05-11 05:02:21',	0,	94,	8),
(79,	'2022-06-11 06:17:43',	0,	58,	40),
(80,	'2022-12-25 21:02:39',	1,	28,	11),
(81,	'2022-05-15 03:47:17',	1,	29,	43),
(82,	'2022-03-30 13:35:23',	1,	81,	43),
(83,	'2022-10-24 13:20:18',	1,	43,	46),
(84,	'2022-06-07 20:56:28',	1,	5,	44),
(85,	'2023-03-11 01:57:16',	1,	4,	36),
(86,	'2023-02-27 15:49:28',	1,	36,	4),
(87,	'2022-08-27 07:22:31',	1,	53,	25),
(88,	'2022-11-26 05:08:18',	0,	49,	10),
(89,	'2022-10-01 11:06:58',	0,	87,	44),
(90,	'2022-02-14 00:54:25',	1,	87,	20),
(91,	'2022-12-06 06:48:33',	0,	72,	37),
(92,	'2023-03-07 08:11:46',	1,	8,	26),
(93,	'2022-04-19 16:04:02',	0,	27,	29),
(94,	'2022-08-11 23:17:33',	0,	91,	31),
(95,	'2022-04-06 08:13:32',	0,	38,	44),
(96,	'2022-04-24 12:22:18',	0,	26,	49),
(97,	'2023-02-28 14:11:16',	0,	23,	27),
(98,	'2022-06-22 05:27:48',	1,	32,	20),
(99,	'2022-03-12 05:25:26',	0,	4,	41),
(100,	'2023-01-03 09:10:25',	1,	25,	15),
(101,	'2022-06-12 11:52:42',	1,	64,	40),
(102,	'2022-04-29 11:49:32',	0,	37,	8),
(103,	'2023-02-27 00:10:28',	0,	80,	32),
(104,	'2022-11-08 09:07:10',	0,	4,	32),
(105,	'2022-08-29 12:18:54',	0,	2,	1),
(106,	'2022-07-17 08:52:04',	1,	34,	34),
(107,	'2022-05-25 07:56:27',	1,	58,	49),
(108,	'2023-01-04 23:56:25',	0,	53,	13),
(109,	'2023-01-08 02:59:34',	0,	62,	29),
(110,	'2022-02-10 08:55:48',	0,	65,	42),
(111,	'2022-03-02 16:34:04',	1,	90,	22),
(112,	'2022-07-07 07:03:51',	1,	50,	11),
(113,	'2023-02-22 21:47:52',	0,	13,	19),
(114,	'2023-02-26 11:30:17',	1,	79,	29),
(115,	'2022-06-29 18:21:12',	1,	26,	18),
(116,	'2022-06-26 03:50:13',	0,	92,	23),
(117,	'2023-01-27 21:46:22',	1,	25,	48),
(118,	'2022-08-30 07:56:20',	0,	99,	20),
(119,	'2023-03-22 17:50:41',	1,	58,	48),
(120,	'2023-01-16 00:57:16',	0,	42,	35),
(121,	'2022-07-26 22:04:31',	0,	39,	22),
(122,	'2022-09-02 00:15:03',	1,	12,	1),
(123,	'2022-12-16 15:19:28',	0,	69,	13),
(124,	'2022-07-19 18:08:16',	0,	68,	10),
(125,	'2022-11-27 04:11:53',	1,	48,	41),
(126,	'2022-09-26 16:56:17',	0,	20,	19),
(127,	'2022-06-21 20:03:23',	1,	35,	29),
(128,	'2022-06-12 13:54:48',	0,	84,	2),
(129,	'2022-06-26 11:28:52',	0,	20,	33),
(130,	'2023-01-24 16:36:12',	0,	57,	20),
(131,	'2022-11-19 21:55:51',	0,	54,	35),
(132,	'2022-04-01 03:01:22',	1,	94,	50),
(133,	'2023-02-01 15:27:35',	0,	26,	10),
(134,	'2023-01-21 06:31:57',	1,	87,	41),
(135,	'2022-07-26 21:14:47',	1,	23,	29),
(136,	'2022-09-26 14:42:27',	1,	87,	10),
(137,	'2022-11-11 18:57:28',	0,	83,	27),
(138,	'2022-06-28 08:48:13',	1,	69,	45),
(139,	'2022-12-02 19:36:32',	0,	99,	46),
(140,	'2022-08-16 19:38:38',	1,	93,	29),
(141,	'2022-06-21 22:36:37',	1,	4,	39),
(142,	'2022-06-20 21:48:13',	1,	38,	19),
(143,	'2022-07-16 03:14:54',	0,	16,	24),
(144,	'2022-12-04 14:30:01',	1,	12,	38),
(145,	'2022-07-04 11:02:08',	1,	41,	3),
(146,	'2022-05-05 16:45:32',	1,	66,	46),
(147,	'2023-02-11 01:11:07',	1,	82,	27),
(148,	'2023-03-17 21:01:09',	1,	14,	30),
(149,	'2023-01-07 01:07:46',	0,	87,	3),
(150,	'2022-03-04 23:33:36',	1,	10,	19),
(151,	'2022-11-28 00:19:25',	0,	45,	38),
(152,	'2023-03-10 22:36:47',	1,	58,	7),
(153,	'2022-11-07 02:17:03',	1,	96,	10),
(154,	'2022-12-25 13:29:44',	1,	71,	3),
(155,	'2022-05-05 00:28:08',	1,	27,	22),
(156,	'2022-03-23 22:30:48',	0,	81,	46),
(157,	'2023-03-16 11:51:21',	0,	28,	12),
(158,	'2022-02-03 14:31:45',	0,	63,	33),
(159,	'2023-03-09 16:41:31',	1,	99,	50),
(160,	'2022-11-09 01:07:43',	1,	16,	25),
(161,	'2022-10-08 21:12:43',	1,	66,	3),
(162,	'2022-07-14 20:20:48',	1,	28,	25),
(163,	'2022-08-27 12:01:13',	1,	10,	3),
(164,	'2023-01-27 00:10:54',	0,	72,	19),
(165,	'2022-05-11 18:57:28',	1,	27,	47),
(166,	'2022-09-26 08:02:37',	0,	52,	28),
(167,	'2022-04-10 01:16:04',	0,	30,	13),
(168,	'2023-03-03 01:09:52',	1,	2,	30),
(169,	'2022-12-03 17:07:20',	0,	32,	46),
(170,	'2022-02-22 04:03:31',	1,	7,	15),
(171,	'2022-05-15 08:37:36',	0,	32,	47),
(172,	'2023-03-14 23:56:41',	1,	39,	34),
(173,	'2023-01-23 16:23:44',	0,	82,	10),
(174,	'2022-04-14 01:51:03',	1,	31,	27),
(175,	'2022-02-26 05:47:29',	1,	52,	3),
(176,	'2022-07-16 07:10:52',	1,	5,	5),
(177,	'2022-02-10 23:50:21',	0,	51,	31),
(178,	'2023-01-23 04:07:36',	1,	28,	21),
(179,	'2022-06-22 07:48:14',	1,	75,	43),
(180,	'2023-02-17 00:38:16',	0,	43,	16),
(181,	'2022-03-14 22:46:59',	1,	92,	45),
(182,	'2022-06-21 13:31:13',	0,	18,	2),
(183,	'2022-03-07 01:37:19',	0,	8,	9),
(184,	'2022-09-07 20:48:32',	1,	64,	13),
(185,	'2022-08-29 07:08:24',	0,	81,	39),
(186,	'2022-09-27 22:19:01',	0,	87,	3),
(187,	'2022-09-25 16:58:55',	0,	3,	41),
(188,	'2022-09-17 05:45:03',	1,	4,	44),
(189,	'2022-02-03 14:13:45',	1,	37,	4),
(190,	'2022-09-17 21:48:02',	1,	50,	15),
(191,	'2022-07-18 22:26:00',	0,	16,	34),
(192,	'2022-10-21 09:40:14',	0,	95,	31),
(193,	'2022-03-03 16:42:30',	1,	91,	9),
(194,	'2022-12-07 19:51:00',	0,	41,	31),
(195,	'2022-05-11 14:23:45',	1,	100,	47),
(196,	'2022-05-10 03:03:18',	1,	70,	32),
(197,	'2022-07-27 08:17:11',	1,	60,	5),
(198,	'2022-10-09 14:57:15',	1,	87,	46),
(199,	'2022-12-27 12:29:11',	0,	20,	2),
(200,	'2022-05-12 12:27:49',	1,	39,	9);

DROP TABLE IF EXISTS `doctors`;
CREATE TABLE `doctors` (
  `id` int(11) NOT NULL AUTO_INCREMENT,
  `username` varchar(50) NOT NULL,
  `password` varchar(255) NOT NULL,
  `name` varchar(255) DEFAULT NULL,
  `email` varchar(255) DEFAULT NULL,
  `avatarUrl` varchar(255) DEFAULT NULL,
  `phone` varchar(50) DEFAULT NULL,
  `location` varchar(255) DEFAULT NULL,
  `insurance` varchar(255) DEFAULT NULL,
  `specialisation` varchar(255) DEFAULT NULL,
  `price` double DEFAULT NULL,
  `description` text DEFAULT NULL,
  PRIMARY KEY (`id`),
  UNIQUE KEY `username` (`username`)
) ENGINE=InnoDB DEFAULT CHARSET=utf8mb4;

TRUNCATE `doctors`;
INSERT INTO `doctors` (`id`, `username`, `password`, `name`, `email`, `avatarUrl`, `phone`, `location`, `insurance`, `specialisation`, `price`, `description`) VALUES
(1,	'gnuccitelli0',	'wHJNBanH37f',	'Gaby Nuccitelli',	'gnuccitelli0@blinklist.com',	'https://robohash.org/errordeleniticonsequatur.png?size=250x250&set=set1',	'+86 319 409 5235',	'94 Hanover Avenue',	'ING',	'Stomatologist',	70.54,	'vitae ipsum aliquam non'),
(2,	'jdockrill1',	'LVPxi0RXko5',	'Jada Dockrill',	'jdockrill1@ezinearticles.com',	'https://robohash.org/quisquamhiclaudantium.png?size=250x250&set=set1',	'+86 566 398 9839',	'2319 Bunker Hill Terrace',	'ING',	'E.N.T.',	80.63,	'proin eu'),
(3,	'ekilleen2',	'CcscanE',	'Etan Killeen',	'ekilleen2@alexa.com',	'https://robohash.org/ducimusvelitculpa.png?size=250x250&set=set1',	'+62 262 930 8798',	'0200 Huxley Alley',	'Interamerican',	'Neurologist',	83.87,	'morbi vestibulum velit id pretium iaculis diam erat'),
(4,	'ajolland3',	'nLT5Xpd',	'Alwyn Jolland',	'ajolland3@taobao.com',	'https://robohash.org/explicabodictarem.png?size=250x250&set=set1',	'+48 987 494 6488',	'1 Elka Road',	'ING',	'Stomatologist',	39.69,	'erat volutpat in congue etiam justo etiam pretium iaculis'),
(5,	'qclemon4',	'LsOv7K4Nrzj',	'Quinta Clemon',	'qclemon4@plala.or.jp',	'https://robohash.org/illumomnisvitae.png?size=250x250&set=set1',	'+420 665 287 4638',	'97014 Sundown Terrace',	'ING',	'Stomatologist',	82.74,	'diam vitae quam suspendisse potenti'),
(6,	'dcasaro5',	'Ci0xVq9k3N',	'Dody Casaro',	'dcasaro5@google.co.jp',	'https://robohash.org/autemaliquidearum.png?size=250x250&set=set1',	'+86 548 454 5056',	'09 Eggendart Point',	'Interamerican',	'Neurologist',	54.63,	'a pede posuere nonummy integer non velit donec diam neque'),
(7,	'adoumerc6',	'G3vPxfdXwdY',	'Adrienne Doumerc',	'adoumerc6@example.com',	'https://robohash.org/consecteturomnistenetur.png?size=250x250&set=set1',	'+62 924 801 4541',	'78523 Browning Way',	'ING',	'Ophthalmologist',	43.57,	'pretium quis lectus suspendisse potenti'),
(8,	'ravrahamof7',	'VfOu7nf',	'Robena Avrahamof',	'ravrahamof7@dot.gov',	'https://robohash.org/iniustoquibusdam.png?size=250x250&set=set1',	'+420 556 305 7308',	'87212 Merry Place',	'EFKA',	'Cardiologist',	55.08,	'accumsan tortor quis turpis'),
(9,	'galbrook8',	'pHin6HI6',	'Genvieve Albrook',	'galbrook8@sun.com',	'https://robohash.org/nisiearumvitae.png?size=250x250&set=set1',	'+998 220 413 5745',	'36983 Boyd Point',	'EFKA',	'Gastroenterologist',	83.47,	'primis in faucibus orci luctus et ultrices posuere cubilia'),
(10,	'dbebbington9',	'ahdb082AM',	'Damian Bebbington',	'dbebbington9@squarespace.com',	'https://robohash.org/vitaequiaet.png?size=250x250&set=set1',	'+86 208 812 9007',	'61 5th Street',	'Interamerican',	'Gastroenterologist',	41.41,	'odio condimentum id luctus nec molestie sed'),
(11,	'ssainsa',	'EVyFL2fQFgin',	'Stephie Sains',	'ssainsa@reddit.com',	'https://robohash.org/abestet.png?size=250x250&set=set1',	'+55 216 335 4277',	'5 Village Green Hill',	'EFKA',	'Cardiologist',	23.89,	'donec odio justo sollicitudin ut suscipit a feugiat et eros'),
(12,	'hjonczykb',	'6jXbVv00',	'Hashim Jonczyk',	'hjonczykb@networkadvertising.org',	'https://robohash.org/saepeilloquod.png?size=250x250&set=set1',	'+86 670 712 7903',	'4 Tomscot Place',	'ING',	'Ophthalmologist',	64.14,	'etiam justo etiam pretium iaculis justo in hac habitasse platea'),
(13,	'laldcornec',	'BNjPCJx7C1n',	'Latrina Aldcorne',	'laldcornec@timesonline.co.uk',	'https://robohash.org/ipsumexplicaboaspernatur.png?size=250x250&set=set1',	'+961 129 982 6160',	'1 East Junction',	'Interamerican',	'Neurologist',	35.11,	'suspendisse potenti in eleifend quam a odio'),
(14,	'sferrettinod',	'RxZVVZYs5SKL',	'Sergent Ferrettino',	'sferrettinod@google.com.hk',	'https://robohash.org/laborumharumodio.png?size=250x250&set=set1',	'+380 377 892 4946',	'445 Cherokee Center',	'Interamerican',	'Ophthalmologist',	55.98,	'pellentesque eget nunc donec quis orci eget orci vehicula condimentum'),
(15,	'tgioane',	'EAc5eyIOPB',	'Thebault Gioan',	'tgioane@ebay.com',	'https://robohash.org/delectusaexpedita.png?size=250x250&set=set1',	'+371 780 850 8536',	'56 Harbort Park',	'EFKA',	'Ophthalmologist',	35.84,	'sit amet consectetuer adipiscing elit proin interdum'),
(16,	'vnovotnaf',	'eUyiW8h',	'Vinson Novotna',	'vnovotnaf@mapquest.com',	'https://robohash.org/iurererumnostrum.png?size=250x250&set=set1',	'+62 243 918 8346',	'5522 Melrose Trail',	'ING',	'Stomatologist',	13.41,	'pellentesque volutpat dui'),
(17,	'msaffeg',	'04sEmOOdj',	'Maxy Saffe',	'msaffeg@salon.com',	'https://robohash.org/molestiaeullamtenetur.png?size=250x250&set=set1',	'+504 222 224 3026',	'1664 Commercial Crossing',	'EFKA',	'Gastroenterologist',	35.93,	'euismod scelerisque quam turpis adipiscing'),
(18,	'jkolakovich',	'kWttRzQAVfaZ',	'Jemmie Kolakovic',	'jkolakovich@netlog.com',	'https://robohash.org/suscipitnisimagnam.png?size=250x250&set=set1',	'+86 229 519 8809',	'5 Talisman Avenue',	'EFKA',	'Ophthalmologist',	50.48,	'augue luctus tincidunt nulla mollis'),
(19,	'kramptoni',	'yMoMi2jPa1a',	'Kurtis Rampton',	'kramptoni@baidu.com',	'https://robohash.org/quaeratnihilid.png?size=250x250&set=set1',	'+381 607 768 7921',	'89991 Cherokee Road',	'Interamerican',	'Cardiologist',	67.34,	'orci mauris lacinia sapien'),
(20,	'ppappinj',	'pplzSsC',	'Pepe Pappin',	'ppappinj@walmart.com',	'https://robohash.org/quamvoluptatibusquia.png?size=250x250&set=set1',	'+55 968 104 1728',	'1 Talmadge Parkway',	'EFKA',	'Ophthalmologist',	95.46,	'tortor eu pede'),
(21,	'sdeabillk',	'zAMnEIemIx',	'Sibella Deabill',	'sdeabillk@pen.io',	'https://robohash.org/aspernaturtemporaneque.png?size=250x250&set=set1',	'+51 201 331 0441',	'6 Carpenter Hill',	'Interamerican',	'E.N.T.',	92.03,	'laoreet ut'),
(22,	'ncrutcherl',	'I5gdGYGY',	'Nikolaos Crutcher',	'ncrutcherl@samsung.com',	'https://robohash.org/utvelquia.png?size=250x250&set=set1',	'+86 786 541 6186',	'19 Westridge Avenue',	'ING',	'Gastroenterologist',	49.42,	'vitae quam suspendisse potenti nullam porttitor'),
(23,	'sgogganm',	'j0u8RmF8',	'Susanne Goggan',	'sgogganm@un.org',	'https://robohash.org/aspernaturipsumdignissimos.png?size=250x250&set=set1',	'+93 968 539 6255',	'2211 Fisk Point',	'ING',	'Stomatologist',	59.62,	'ut nulla sed accumsan'),
(24,	'smaciloryn',	'xmkJG9x',	'Sena MacIlory',	'smaciloryn@sogou.com',	'https://robohash.org/explicabopossimustempore.png?size=250x250&set=set1',	'+55 241 747 4151',	'23695 Vera Circle',	'EFKA',	'Ophthalmologist',	49.91,	'elementum in hac'),
(25,	'sgalloo',	'iANdrk4',	'Sada Gallo',	'sgalloo@hatena.ne.jp',	'https://robohash.org/inventorevoluptatemnam.png?size=250x250&set=set1',	'+86 208 356 6001',	'02155 Barnett Parkway',	'EFKA',	'Neurologist',	82.03,	'lectus pellentesque at nulla suspendisse potenti cras'),
(26,	'rbachellierp',	'wuVcOJpKFDeq',	'Rex Bachellier',	'rbachellierp@springer.com',	'https://robohash.org/providentabsimilique.png?size=250x250&set=set1',	'+1 704 239 2535',	'8396 Comanche Place',	'ING',	'Stomatologist',	75.69,	'ultrices aliquet maecenas leo odio condimentum'),
(27,	'jmacritchieq',	'J3MAul9L',	'Joey MacRitchie',	'jmacritchieq@istockphoto.com',	'https://robohash.org/voluptatemquisdolorem.png?size=250x250&set=set1',	'+86 128 123 6456',	'87 Harper Park',	'Interamerican',	'E.N.T.',	34.97,	'luctus et ultrices posuere cubilia curae donec pharetra magna vestibulum'),
(28,	'jharrhyr',	'eU3SPNtZ',	'Jerri Harrhy',	'jharrhyr@cam.ac.uk',	'https://robohash.org/harumillumaliquam.png?size=250x250&set=set1',	'+56 212 154 4297',	'4367 Derek Street',	'EFKA',	'Ophthalmologist',	59.42,	'id massa id nisl venenatis'),
(29,	'dkerkhams',	'OeLtmQwHUyne',	'Dane Kerkham',	'dkerkhams@hubpages.com',	'https://robohash.org/estprovidentnatus.png?size=250x250&set=set1',	'+62 531 205 3846',	'18405 Fuller Way',	'Interamerican',	'Anesthesiologist',	39.39,	'lobortis est phasellus sit amet erat nulla'),
(30,	'mvanarsdallt',	'RY7vsnTS0',	'Meghann VanArsdall',	'mvanarsdallt@digg.com',	'https://robohash.org/molestiaequibusdamexplicabo.png?size=250x250&set=set1',	'+86 516 426 1459',	'377 3rd Terrace',	'ING',	'Neurologist',	85.11,	'nisl aenean lectus pellentesque eget nunc donec quis orci eget'),
(31,	'rofogertyu',	'Bq83dEeZ0zkq',	'Ryann OFogerty',	'rofogertyu@theguardian.com',	'https://robohash.org/repudiandaerepellataliquam.png?size=250x250&set=set1',	'+63 468 123 4819',	'05 Michigan Place',	'Interamerican',	'Anesthesiologist',	83.69,	'suspendisse accumsan tortor quis turpis sed ante vivamus'),
(32,	'liacovuzziv',	'Get7BTIIu7A',	'Ly Iacovuzzi',	'liacovuzziv@wix.com',	'https://robohash.org/quodvoluptatemvero.png?size=250x250&set=set1',	'+84 386 904 1694',	'6 Maryland Point',	'EFKA',	'Stomatologist',	40.76,	'mattis egestas metus aenean fermentum donec ut mauris eget'),
(33,	'tvashchenkow',	'xv8ZTB2hl',	'Tad Vashchenko',	'tvashchenkow@nba.com',	'https://robohash.org/eaquevoluptassint.png?size=250x250&set=set1',	'+81 377 877 1884',	'82 Shopko Avenue',	'EFKA',	'Stomatologist',	57.28,	'amet cursus id turpis'),
(34,	'sdanielovitchx',	'DN83KvJ',	'Stafford Danielovitch',	'sdanielovitchx@arstechnica.com',	'https://robohash.org/optioaperiammagni.png?size=250x250&set=set1',	'+86 183 994 6671',	'426 Oakridge Place',	'Interamerican',	'Neurologist',	59.71,	'ut nulla'),
(35,	'aterrazzoy',	'XJoWRzrMyY0S',	'Ardeen Terrazzo',	'aterrazzoy@about.me',	'https://robohash.org/velitcorruptiqui.png?size=250x250&set=set1',	'+86 589 618 9710',	'92 Thackeray Crossing',	'EFKA',	'Neurologist',	70.64,	'sed nisl nunc rhoncus dui vel sem'),
(36,	'ejanickiz',	'HG3yEdTm',	'Ellissa Janicki',	'ejanickiz@bloglines.com',	'https://robohash.org/nonnemoaut.png?size=250x250&set=set1',	'+62 866 174 2369',	'1 Petterle Hill',	'Interamerican',	'Pediatrician',	31.92,	'at turpis donec posuere metus'),
(37,	'lskoate10',	'nazdmO9Lf8Ei',	'Lynde Skoate',	'lskoate10@xing.com',	'https://robohash.org/molestiaeautatque.png?size=250x250&set=set1',	'+7 829 624 6558',	'65485 Barnett Junction',	'Interamerican',	'Gastroenterologist',	77.79,	'faucibus orci luctus et ultrices posuere cubilia'),
(38,	'sdunkinson11',	'JLFOnWXrI',	'Sydney Dunkinson',	'sdunkinson11@bbc.co.uk',	'https://robohash.org/recusandaeetvoluptatum.png?size=250x250&set=set1',	'+254 653 203 2590',	'307 Grover Plaza',	'Interamerican',	'E.N.T.',	89.46,	'nulla neque libero convallis eget eleifend luctus ultricies eu nibh'),
(39,	'jwilbore12',	'Pps6pnowqOAM',	'Joye Wilbore',	'jwilbore12@globo.com',	'https://robohash.org/accusantiumautemofficia.png?size=250x250&set=set1',	'+86 915 371 8574',	'3 Blue Bill Park Terrace',	'Interamerican',	'Anesthesiologist',	66.53,	'tempus vel pede morbi porttitor lorem'),
(40,	'bryam13',	'5xb9QfruutIN',	'Bertine Ryam',	'bryam13@msu.edu',	'https://robohash.org/veldoloresvoluptate.png?size=250x250&set=set1',	'+420 576 723 1260',	'3882 Red Cloud Drive',	'EFKA',	'Ophthalmologist',	44.39,	'sit amet sapien dignissim vestibulum vestibulum ante'),
(41,	'ahellin14',	'gsF1ecE7yQ',	'Abbott Hellin',	'ahellin14@oracle.com',	'https://robohash.org/magnienimsed.png?size=250x250&set=set1',	'+48 477 812 2824',	'4540 South Parkway',	'Interamerican',	'Cardiologist',	36.5,	'vel dapibus'),
(42,	'ecourtonne15',	'1sPRLuiI50',	'Evita Courtonne',	'ecourtonne15@howstuffworks.com',	'https://robohash.org/omnisatadipisci.png?size=250x250&set=set1',	'+507 166 107 5515',	'599 Aberg Court',	'Interamerican',	'Cardiologist',	33.18,	'sed nisl nunc rhoncus dui'),
(43,	'jbrendel16',	'amkXg4AmU',	'Jordan Brendel',	'jbrendel16@clickbank.net',	'https://robohash.org/doloreutoccaecati.png?size=250x250&set=set1',	'+63 693 696 1900',	'3 Almo Hill',	'EFKA',	'E.N.T.',	50.43,	'sit amet erat nulla'),
(44,	'gdingley17',	'xsfda65',	'Gwendolen Dingley',	'gdingley17@nhs.uk',	'https://robohash.org/vitaeomnisrepellendus.png?size=250x250&set=set1',	'+86 779 434 1880',	'7490 North Street',	'Interamerican',	'Cardiologist',	86.56,	'leo pellentesque ultrices mattis'),
(45,	'ngaroghan18',	'RD7x4nRKg',	'Nedda Garoghan',	'ngaroghan18@chronoengine.com',	'https://robohash.org/doloremullamautem.png?size=250x250&set=set1',	'+48 744 900 6226',	'9579 Banding Street',	'ING',	'Pediatrician',	58.28,	'felis eu sapien cursus vestibulum proin eu mi nulla'),
(46,	'ecadle19',	'XTN4AbkvqZG',	'Enrika Cadle',	'ecadle19@redcross.org',	'https://robohash.org/etauttempora.png?size=250x250&set=set1',	'+380 669 856 8905',	'7 Mandrake Hill',	'ING',	'Gastroenterologist',	72.69,	'nulla sed vel enim sit amet nunc viverra dapibus'),
(47,	'schristene1a',	'veSCSa4m',	'Solomon Christene',	'schristene1a@umn.edu',	'https://robohash.org/eafacerererum.png?size=250x250&set=set1',	'+55 819 929 6685',	'6 Mockingbird Crossing',	'Interamerican',	'Cardiologist',	62.26,	'et ultrices posuere cubilia curae donec'),
(48,	'ltollmache1b',	'EMYgoYqDz8',	'Leighton Tollmache',	'ltollmache1b@techcrunch.com',	'https://robohash.org/quicupiditatemolestias.png?size=250x250&set=set1',	'+86 374 815 7167',	'33 Northview Avenue',	'Interamerican',	'E.N.T.',	66.13,	'et tempus semper'),
(49,	'sgyles1c',	'ijNB5b',	'Sarette Gyles',	'sgyles1c@businessinsider.com',	'https://robohash.org/suntfacilisincidunt.png?size=250x250&set=set1',	'+62 585 888 4310',	'673 Anhalt Plaza',	'ING',	'Ophthalmologist',	30.86,	'maecenas tristique est et tempus semper est'),
(50,	'bsparshett1d',	'csgEfHCg7IIB',	'Bertram Sparshett',	'bsparshett1d@reddit.com',	'https://robohash.org/veritatisnumquamrepudiandae.png?size=250x250&set=set1',	'+374 295 341 8669',	'797 Harper Circle',	'EFKA',	'Pediatrician',	73.91,	'in leo maecenas');

DROP TABLE IF EXISTS `patients`;
CREATE TABLE `patients` (
  `id` int(11) NOT NULL AUTO_INCREMENT,
  `username` varchar(50) NOT NULL,
  `password` varchar(255) NOT NULL,
  `name` varchar(255) DEFAULT NULL,
  `email` varchar(255) DEFAULT NULL,
  `phone` varchar(50) DEFAULT NULL,
  PRIMARY KEY (`id`),
  UNIQUE KEY `username` (`username`)
) ENGINE=InnoDB DEFAULT CHARSET=utf8mb4;

TRUNCATE `patients`;
INSERT INTO `patients` (`id`, `username`, `password`, `name`, `email`, `phone`) VALUES
(1,	'jathy0',	'cruT0v3e8P4',	'Jaquelin Athy',	'jathy0@mysql.com',	'+55 299 608 4270'),
(2,	'mchristopher1',	'J8Gd0UWS',	'Margot Christopher',	'mchristopher1@bbb.org',	'+46 344 778 6585'),
(3,	'hfreschi2',	'R453OW',	'Hilliard Freschi',	'hfreschi2@tripod.com',	'+27 381 804 0480'),
(4,	'pwhal3',	'ACaZtL',	'Prinz Whal',	'pwhal3@arizona.edu',	'+51 619 305 7690'),
(5,	'chaddeston4',	'nONYaxn',	'Christiane Haddeston',	'chaddeston4@businessinsider.com',	'+381 158 253 2167'),
(6,	'atomankowski5',	'446GzT',	'Augusta Tomankowski',	'atomankowski5@ustream.tv',	'+62 959 410 8296'),
(7,	'hingham6',	'u7X3Jh',	'Helge Ingham',	'hingham6@google.pl',	'+30 718 903 3004'),
(8,	'alush7',	'Jv8QIj',	'Ade Lush',	'alush7@myspace.com',	'+1 384 134 3879'),
(9,	'kcarwithan8',	'hGDz5Xfrs',	'Kathie Carwithan',	'kcarwithan8@baidu.com',	'+33 600 470 6292'),
(10,	'jvan9',	'9Vp1hyLJGM6E',	'Justen Van Leeuwen',	'jvan9@home.pl',	'+351 265 101 8391'),
(11,	'jsheardowna',	'totcYq1kF',	'Jade Sheardown',	'jsheardowna@weather.com',	'+507 244 599 3032'),
(12,	'csnashallb',	'cGis4yLtfT',	'Caril Snashall',	'csnashallb@reverbnation.com',	'+46 401 556 9083'),
(13,	'wharsesc',	'U7RkZH',	'Westleigh Harses',	'wharsesc@youtube.com',	'+81 296 263 4404'),
(14,	'msimonassid',	'aqRMagdQD4R',	'Mickie Simonassi',	'msimonassid@mit.edu',	'+55 613 232 9179'),
(15,	'mmuresse',	'SNVa66kt5h4',	'Marten Muress',	'mmuresse@ning.com',	'+52 772 549 9768'),
(16,	'stoyef',	'VvSMd8',	'Siward Toye',	'stoyef@purevolume.com',	'+233 255 965 1165'),
(17,	'omapstong',	'uXF7Sphn4ueX',	'Osbourn Mapston',	'omapstong@nps.gov',	'+95 528 256 3673'),
(18,	'enissleh',	'UoCQa2XQziy',	'Emmett Nissle',	'enissleh@squarespace.com',	'+993 722 629 2033'),
(19,	'fstrachani',	'atujWjv9TE',	'Fredrick Strachan',	'fstrachani@accuweather.com',	'+48 947 499 2449'),
(20,	'dmarquessj',	'CvEhKe57',	'Delly Marquess',	'dmarquessj@engadget.com',	'+62 561 731 7924'),
(21,	'smendezk',	'f3Gymy7JA6d',	'Stu Mendez',	'smendezk@smugmug.com',	'+420 965 203 7952'),
(22,	'ajakubovskyl',	'6CHbCdL2',	'Alverta Jakubovsky',	'ajakubovskyl@xing.com',	'+242 720 351 8207'),
(23,	'jsangram',	'oA0OLH',	'Jennine Sangra',	'jsangram@walmart.com',	'+51 259 435 1931'),
(24,	'rpaynen',	'ijaVuu0K',	'Rod Payne',	'rpaynen@yellowbook.com',	'+52 980 609 1736'),
(25,	'ssnowo',	'Vsdt6XUYP',	'Stormy Snow',	'ssnowo@addthis.com',	'+86 632 238 3588'),
(26,	'mhendriksp',	'HFfPTY',	'Michal Hendriks',	'mhendriksp@dion.ne.jp',	'+63 700 547 6577'),
(27,	'fboakesq',	'TMi2lF',	'Fredric Boakes',	'fboakesq@nationalgeographic.com',	'+51 309 107 1424'),
(28,	'ghalleyboner',	'ikObQeEBM',	'Genny Halleybone',	'ghalleyboner@stumbleupon.com',	'+46 985 905 4159'),
(29,	'tchats',	'rJnJGB',	'Tracie Chat',	'tchats@tumblr.com',	'+420 792 535 3628'),
(30,	'rsabertont',	'ajR1HPgbW',	'Rodolfo Saberton',	'rsabertont@apache.org',	'+352 231 758 2001'),
(31,	'pbellhouseu',	'9ZClyUzi',	'Petronia Bellhouse',	'pbellhouseu@ihg.com',	'+84 544 726 2410'),
(32,	'kpoizerv',	'OroHPG',	'Katrinka Poizer',	'kpoizerv@g.co',	'+62 479 777 8044'),
(33,	'jshakespearew',	'P592usf7',	'Jacynth Shakespeare',	'jshakespearew@stumbleupon.com',	'+54 757 981 9673'),
(34,	'awarrenerx',	'rzFrpmetSli',	'Abra Warrener',	'awarrenerx@google.ca',	'+63 164 192 9929'),
(35,	'arosenblady',	'PR16C3pyss',	'Anastasia Rosenblad',	'arosenblady@hatena.ne.jp',	'+94 951 664 4054'),
(36,	'fpollicotez',	'6MQLaSw',	'Florry Pollicote',	'fpollicotez@opensource.org',	'+55 260 563 1501'),
(37,	'jeingerfield10',	'PApJIKOP4',	'Jackqueline Eingerfield',	'jeingerfield10@miibeian.gov.cn',	'+63 592 642 5684'),
(38,	'mgartrell11',	'zElMYtUzKHUE',	'Maurise Gartrell',	'mgartrell11@stanford.edu',	'+62 875 253 8386'),
(39,	'wyouster12',	'lICYkw',	'Waldo Youster',	'wyouster12@vk.com',	'+49 703 366 2834'),
(40,	'cbarbie13',	'uVCP6cP',	'Cirillo Barbie',	'cbarbie13@army.mil',	'+62 155 764 7819'),
(41,	'aflewett14',	'Mjk5pfIhj',	'Auria Flewett',	'aflewett14@ibm.com',	'+299 700 643 8266'),
(42,	'ckermath15',	'KhI8nSij8',	'Care Kermath',	'ckermath15@homestead.com',	'+386 962 184 3014'),
(43,	'peagan16',	'Wdfoty',	'Patrizio Eagan',	'peagan16@patch.com',	'+62 726 532 6977'),
(44,	'mscholler17',	'buAo9pXC',	'Monique Scholler',	'mscholler17@independent.co.uk',	'+380 380 556 7473'),
(45,	'gslaight18',	'6D2T7F',	'Gabie Slaight',	'gslaight18@tuttocitta.it',	'+86 417 264 7065'),
(46,	'alindenfeld19',	'0dosyc',	'Amalea Lindenfeld',	'alindenfeld19@freewebs.com',	'+351 286 389 5014'),
(47,	'cofarris1a',	'dx09GsZNNg',	'Carroll O\'Farris',	'cofarris1a@loc.gov',	'+86 355 981 5188'),
(48,	'bavard1b',	'rrDrY45I',	'Benton Avard',	'bavard1b@mtv.com',	'+351 502 181 4536'),
(49,	'bronisch1c',	'f6MN6h',	'Brade Ronisch',	'bronisch1c@answers.com',	'+46 481 313 2249'),
(50,	'pgillio1d',	'E0VWTcMxj18',	'Prescott Gillio',	'pgillio1d@symantec.com',	'+55 467 724 3945'),
(51,	'bpellamonuten1e',	'e2vTqn5y',	'Bartlett Pellamonuten',	'bpellamonuten1e@domainmarket.com',	'+46 422 978 7353'),
(52,	'sseyffert1f',	'GN3A7ElR',	'Sheppard Seyffert',	'sseyffert1f@mit.edu',	'+972 214 572 2456'),
(53,	'abeagen1g',	'3zFlXh',	'Arlie Beagen',	'abeagen1g@ustream.tv',	'+62 171 845 2346'),
(54,	'rcaesman1h',	'JrsMdvaOGc90',	'Rodolph Caesman',	'rcaesman1h@google.com.br',	'+55 686 614 7349'),
(55,	'jvassano1i',	'MXAQxmR5KXKb',	'Joshuah Vassano',	'jvassano1i@harvard.edu',	'+976 295 796 6309'),
(56,	'tleebeter1j',	'razx4LAUS',	'Teodor Leebeter',	'tleebeter1j@csmonitor.com',	'+509 498 297 9997'),
(57,	'mcarlens1k',	'pd0qIp22TpvA',	'Melba Carlens',	'mcarlens1k@cbc.ca',	'+44 704 610 9253'),
(58,	'aloiseau1l',	'u1lkE4EFu',	'Arturo L\'oiseau',	'aloiseau1l@linkedin.com',	'+86 318 121 6580'),
(59,	'msandbatch1m',	'XrRCj4ua3Rfw',	'Maggy Sandbatch',	'msandbatch1m@artisteer.com',	'+353 341 149 0444'),
(60,	'eberzin1n',	'fyxep0f1',	'Eberhard Berzin',	'eberzin1n@arstechnica.com',	'+355 316 515 8716'),
(61,	'gcare1o',	'j4W8kS93SZSC',	'Gerri Care',	'gcare1o@census.gov',	'+48 247 491 8410'),
(62,	'jradeliffe1p',	'7xsYPqJD',	'Joni Radeliffe',	'jradeliffe1p@home.pl',	'+7 167 947 2535'),
(63,	'rmcnutt1q',	'rNfxNX',	'Redford McNutt',	'rmcnutt1q@typepad.com',	'+86 100 656 5159'),
(64,	'slardeur1r',	'tUkOWA',	'Sanders Lardeur',	'slardeur1r@economist.com',	'+86 938 453 1348'),
(65,	'brival1s',	'0zSCzXPGPty',	'Brigitta Rival',	'brival1s@archive.org',	'+55 289 797 3485'),
(66,	'crollin1t',	'ohK9Gr',	'Connie Rollin',	'crollin1t@eventbrite.com',	'+48 370 101 6226'),
(67,	'myushkov1u',	'4w0wwroROyI',	'Melitta Yushkov',	'myushkov1u@oracle.com',	'+86 128 601 2307'),
(68,	'corrice1v',	'6AQDdTr',	'Cecil Orrice',	'corrice1v@tiny.cc',	'+41 366 764 3342'),
(69,	'pkenworthy1w',	'oOEQ4Kma',	'Peta Kenworthy',	'pkenworthy1w@naver.com',	'+48 263 728 8802'),
(70,	'bgobell1x',	'InEeAakZyKf',	'Bird Gobell',	'bgobell1x@xinhuanet.com',	'+1 923 658 3182'),
(71,	'vyakovlev1y',	'qAfkNZcz6Bm',	'Van Yakovlev',	'vyakovlev1y@fotki.com',	'+86 241 125 7639'),
(72,	'shadaway1z',	'QETXWfi46h',	'Shaylah Hadaway',	'shadaway1z@rediff.com',	'+962 988 570 2876'),
(73,	'agorner20',	'2llX8Ny2P7ya',	'Arie Gorner',	'agorner20@hostgator.com',	'+46 231 324 1752'),
(74,	'mnormavill21',	'VNDrpzek9UXB',	'Marnie Normavill',	'mnormavill21@ucsd.edu',	'+33 575 677 9562'),
(75,	'smullard22',	'TMTOa8NrEz',	'Shane Mullard',	'smullard22@icq.com',	'+62 370 207 4139'),
(76,	'zcantle23',	'pAe0Sct3',	'Zsazsa Cantle',	'zcantle23@flickr.com',	'+63 755 925 3157'),
(77,	'kdumphreys24',	'kfRdreOPUCc4',	'Katey Dumphreys',	'kdumphreys24@eepurl.com',	'+55 380 745 2731'),
(78,	'mbrothwell25',	'XaFjCyP95skB',	'Mariam Brothwell',	'mbrothwell25@woothemes.com',	'+212 454 686 4385'),
(79,	'atrass26',	'zlPhYR',	'Amara Trass',	'atrass26@prlog.org',	'+850 549 763 4300'),
(80,	'bcarek27',	'LApm6mZtmm',	'Bob Carek',	'bcarek27@yellowbook.com',	'+993 654 676 8491'),
(81,	'bmoodycliffe28',	'CzWZomMY',	'Bald Moodycliffe',	'bmoodycliffe28@pinterest.com',	'+502 381 127 1050'),
(82,	'cwillowby29',	'jfpo6KLaIG8',	'Claudell Willowby',	'cwillowby29@google.es',	'+62 891 136 9373'),
(83,	'ltildesley2a',	'Q3HshGxsv09',	'Lillis Tildesley',	'ltildesley2a@csmonitor.com',	'+51 447 581 6902'),
(84,	'rboxer2b',	'QFSH1m3k7dOp',	'Rodolphe Boxer',	'rboxer2b@ucla.edu',	'+62 273 402 8919'),
(85,	'vmartinot2c',	'Z3GRKK0fsDY',	'Valerie Martinot',	'vmartinot2c@mlb.com',	'+86 294 417 1207'),
(86,	'dpessold2d',	'4GzLjMrSVI',	'Dyan Pessold',	'dpessold2d@homestead.com',	'+46 540 719 4815'),
(87,	'bstrippel2e',	'ZbsrOq',	'Bertie Strippel',	'bstrippel2e@example.com',	'+86 341 399 8313'),
(88,	'wwye2f',	'6LDYkP2',	'Wayne Wye',	'wwye2f@paypal.com',	'+62 174 293 9304'),
(89,	'tstritton2g',	'DhqkN1uhTdK',	'Teodoro Stritton',	'tstritton2g@cyberchimps.com',	'+62 469 894 2597'),
(90,	'cchaytor2h',	'0c2sOE6d',	'Carmela Chaytor',	'cchaytor2h@csmonitor.com',	'+55 941 657 4291'),
(91,	'dbreward2i',	'HguWSBJa',	'Dede Breward',	'dbreward2i@studiopress.com',	'+355 766 851 6547'),
(92,	'egonnelly2j',	'ziO7ac',	'Emelita Gonnelly',	'egonnelly2j@loc.gov',	'+504 549 685 8227'),
(93,	'kbragge2k',	'BFun3Ep',	'Karee Bragge',	'kbragge2k@apache.org',	'+54 646 931 5785'),
(94,	'sbuttler2l',	'HsJbfshddJP',	'Silvan Buttler',	'sbuttler2l@comsenz.com',	'+86 266 968 9246'),
(95,	'kilyinski2m',	'4PAytE',	'Kariotta Ilyinski',	'kilyinski2m@kickstarter.com',	'+27 257 886 7579'),
(96,	'apetheridge2n',	'Tddq7yG5',	'Arnie Petheridge',	'apetheridge2n@theguardian.com',	'+81 374 520 7462'),
(97,	'vformoy2o',	'RzBGK6',	'Veronique Formoy',	'vformoy2o@discovery.com',	'+62 206 616 7411'),
(98,	'dwalesby2p',	'bnmjD3',	'Dierdre Walesby',	'dwalesby2p@samsung.com',	'+86 383 703 5381'),
(99,	'nlathee2q',	'CKqU2iqD',	'Nikolia Lathee',	'nlathee2q@pinterest.com',	'+30 494 342 2841'),
(100,	'adeppe2r',	'uY03ip',	'Abbe Deppe',	'adeppe2r@naver.com',	'+57 225 684 2464');

DROP TABLE IF EXISTS `reviews`;
CREATE TABLE `reviews` (
  `id` int(11) NOT NULL AUTO_INCREMENT,
  `date` datetime NOT NULL,
  `content` text DEFAULT NULL,
  `rating` int(11) DEFAULT NULL,
  `patientID` int(11) NOT NULL,
  `doctorID` int(11) NOT NULL,
  PRIMARY KEY (`id`),
  KEY `patientID` (`patientID`),
  KEY `doctorID` (`doctorID`),
  CONSTRAINT `reviews_ibfk_1` FOREIGN KEY (`patientID`) REFERENCES `patients` (`id`),
  CONSTRAINT `reviews_ibfk_2` FOREIGN KEY (`doctorID`) REFERENCES `doctors` (`id`)
) ENGINE=InnoDB DEFAULT CHARSET=utf8mb4;

TRUNCATE `reviews`;
INSERT INTO `reviews` (`id`, `date`, `content`, `rating`, `patientID`, `doctorID`) VALUES
(1,	'2022-09-16 07:07:07',	'semper porta volutpat quam pede lobortis ligula sit amet eleifend pede libero quis orci nullam molestie',	9,	52,	2),
(2,	'2022-09-10 17:38:04',	'quis turpis eget elit sodales scelerisque mauris sit amet eros suspendisse accumsan tortor quis turpis sed ante vivamus tortor duis mattis egestas metus aenean fermentum donec ut mauris eget massa tempor convallis',	9,	66,	48),
(3,	'2022-03-09 04:33:16',	'ligula in lacus curabitur at ipsum ac tellus semper interdum mauris ullamcorper purus sit amet nulla quisque arcu libero rutrum ac lobortis vel dapibus at diam nam tristique tortor eu',	3,	85,	33),
(4,	'2022-04-05 00:16:34',	'donec dapibus duis at velit eu est',	4,	98,	10),
(5,	'2022-09-18 02:49:29',	'augue luctus tincidunt nulla mollis molestie lorem quisque ut erat curabitur gravida nisi at nibh in hac habitasse platea dictumst aliquam augue quam sollicitudin vitae consectetuer eget rutrum at lorem integer tincidunt ante vel ipsum praesent blandit',	1,	55,	32),
(6,	'2022-01-24 03:32:06',	'vestibulum sagittis sapien cum sociis natoque penatibus et magnis dis parturient montes nascetur ridiculus mus etiam vel augue vestibulum rutrum rutrum neque aenean auctor gravida sem praesent',	8,	15,	43),
(7,	'2022-12-08 10:30:26',	'ut mauris eget massa tempor convallis nulla neque libero convallis eget eleifend luctus ultricies eu nibh quisque id justo sit amet sapien dignissim vestibulum vestibulum ante ipsum primis in faucibus orci luctus',	4,	83,	20),
(8,	'2022-10-18 02:07:46',	'velit nec nisi vulputate nonummy maecenas tincidunt lacus at velit vivamus vel nulla eget eros elementum pellentesque quisque porta volutpat erat quisque erat',	1,	60,	25),
(9,	'2022-08-12 01:11:25',	'diam erat fermentum justo nec condimentum neque sapien placerat ante nulla justo aliquam quis turpis eget elit sodales scelerisque mauris sit amet eros suspendisse accumsan tortor quis turpis sed ante vivamus tortor',	4,	29,	8),
(10,	'2022-12-15 13:35:07',	'placerat praesent blandit nam nulla integer pede justo lacinia eget tincidunt eget tempus vel pede morbi porttitor lorem id ligula suspendisse ornare consequat lectus in est risus auctor sed tristique in',	5,	9,	31),
(11,	'2022-10-13 14:10:06',	'et magnis dis parturient montes nascetur ridiculus mus etiam vel augue vestibulum rutrum rutrum neque aenean auctor gravida',	3,	16,	6),
(12,	'2022-04-20 06:35:34',	'luctus et ultrices posuere cubilia curae nulla dapibus dolor vel est donec odio justo sollicitudin ut suscipit a feugiat et eros vestibulum ac est lacinia nisi venenatis tristique fusce congue diam id ornare imperdiet sapien urna pretium nisl ut volutpat sapien arcu sed augue',	5,	8,	5),
(13,	'2022-10-11 22:44:44',	'felis fusce posuere felis sed lacus morbi sem mauris laoreet ut rhoncus aliquet pulvinar sed nisl nunc rhoncus dui vel sem sed sagittis nam congue risus semper porta volutpat quam pede lobortis ligula sit amet eleifend pede libero quis orci nullam molestie nibh in lectus pellentesque at',	3,	18,	46),
(14,	'2022-12-03 17:27:25',	'ac consequat metus sapien ut nunc vestibulum ante ipsum primis in faucibus orci luctus et ultrices posuere cubilia curae mauris viverra diam vitae quam suspendisse potenti nullam porttitor',	6,	16,	32),
(15,	'2022-07-12 01:23:57',	'facilisi cras non velit nec nisi vulputate nonummy maecenas tincidunt lacus at velit vivamus vel nulla',	4,	55,	45),
(16,	'2022-12-29 03:04:30',	'urna ut tellus nulla ut erat id mauris vulputate elementum nullam varius nulla facilisi cras',	2,	6,	30),
(17,	'2022-12-26 12:17:23',	'in ante vestibulum ante ipsum primis in faucibus orci luctus et ultrices',	1,	89,	15),
(18,	'2022-09-20 11:09:03',	'curae mauris viverra diam vitae quam suspendisse potenti nullam porttitor lacus at turpis donec posuere metus vitae ipsum aliquam',	5,	24,	2),
(19,	'2021-12-21 06:45:41',	'est congue elementum in hac habitasse platea dictumst morbi vestibulum velit id pretium iaculis diam erat fermentum justo nec condimentum neque sapien placerat ante nulla justo aliquam quis turpis eget elit sodales scelerisque mauris sit amet eros suspendisse accumsan tortor quis turpis sed ante vivamus',	1,	35,	22),
(20,	'2022-10-29 19:40:25',	'aliquet ultrices erat tortor sollicitudin',	9,	78,	41),
(21,	'2022-01-15 00:44:37',	'convallis duis consequat dui nec nisi volutpat eleifend donec ut dolor morbi vel lectus in quam fringilla rhoncus',	5,	93,	44),
(22,	'2022-08-28 01:32:39',	'vel est donec odio justo sollicitudin ut suscipit a feugiat et eros vestibulum ac est',	4,	31,	1),
(23,	'2022-07-24 20:29:15',	'praesent blandit lacinia erat vestibulum sed magna at nunc commodo placerat praesent blandit nam nulla integer pede justo lacinia eget tincidunt eget tempus vel pede morbi porttitor lorem id ligula suspendisse ornare consequat lectus in est risus auctor sed tristique in tempus sit amet sem fusce consequat nulla nisl',	2,	54,	16),
(24,	'2022-12-31 20:50:45',	'sapien varius ut blandit non interdum in ante vestibulum ante ipsum primis in faucibus orci luctus et ultrices posuere cubilia curae duis faucibus accumsan odio curabitur convallis duis consequat dui nec nisi volutpat',	1,	37,	24),
(25,	'2022-04-15 01:20:44',	'aliquet pulvinar sed nisl nunc',	2,	48,	5),
(26,	'2022-08-25 16:39:57',	'hac habitasse platea dictumst maecenas ut massa quis augue luctus tincidunt nulla mollis molestie lorem quisque ut erat curabitur gravida nisi at nibh in hac habitasse platea dictumst aliquam augue quam sollicitudin vitae consectetuer eget rutrum at lorem integer tincidunt ante vel ipsum praesent blandit lacinia erat vestibulum',	1,	17,	3),
(27,	'2023-01-02 20:09:00',	'mauris vulputate elementum nullam varius nulla facilisi cras non velit nec nisi vulputate nonummy maecenas tincidunt lacus at velit vivamus vel nulla',	5,	13,	47),
(28,	'2022-04-20 22:29:12',	'in magna bibendum imperdiet nullam orci pede venenatis non sodales sed tincidunt eu felis fusce posuere felis sed lacus morbi sem mauris laoreet ut rhoncus aliquet pulvinar sed nisl nunc rhoncus dui vel sem sed sagittis nam congue risus',	8,	71,	43),
(29,	'2022-04-22 05:49:25',	'quis orci nullam molestie nibh in lectus pellentesque at nulla suspendisse potenti cras in purus eu magna vulputate luctus cum sociis natoque penatibus et',	7,	56,	37),
(30,	'2022-07-26 21:25:36',	'sed lacus morbi sem mauris laoreet ut rhoncus aliquet',	2,	49,	29),
(31,	'2022-06-27 20:06:27',	'nibh ligula nec sem duis aliquam convallis nunc proin at turpis a pede posuere nonummy integer non velit donec diam neque vestibulum eget vulputate ut ultrices vel augue vestibulum ante ipsum primis in faucibus orci luctus et ultrices posuere cubilia curae donec pharetra magna vestibulum aliquet ultrices erat tortor sollicitudin',	2,	14,	11),
(32,	'2022-09-04 13:56:04',	'mollis molestie lorem quisque ut erat curabitur gravida nisi at nibh in hac habitasse platea dictumst aliquam augue quam sollicitudin vitae consectetuer eget rutrum at lorem integer tincidunt ante vel ipsum praesent',	10,	69,	6),
(33,	'2022-06-16 07:02:48',	'bibendum felis sed interdum venenatis',	4,	58,	7),
(34,	'2022-11-02 20:41:32',	'aliquet maecenas leo odio condimentum id luctus nec molestie sed justo pellentesque viverra pede ac diam cras pellentesque volutpat dui maecenas',	5,	83,	33),
(35,	'2022-05-27 14:25:00',	'aliquet maecenas leo odio condimentum id luctus nec molestie sed justo pellentesque viverra pede ac diam cras pellentesque volutpat dui maecenas tristique est et tempus semper est quam pharetra magna ac consequat metus sapien ut nunc vestibulum ante ipsum primis in faucibus orci',	10,	36,	7),
(36,	'2022-06-03 07:19:31',	'placerat ante nulla justo aliquam quis turpis eget elit sodales scelerisque mauris sit amet eros suspendisse accumsan tortor quis turpis sed ante vivamus tortor duis mattis egestas metus aenean fermentum donec ut mauris',	10,	5,	33),
(37,	'2022-02-24 20:15:57',	'vestibulum sed magna at nunc commodo placerat praesent blandit nam nulla integer pede justo lacinia eget tincidunt eget tempus vel pede morbi porttitor lorem id ligula suspendisse ornare consequat lectus in est risus auctor sed tristique in tempus sit',	2,	16,	27),
(38,	'2021-12-14 00:17:00',	'ac neque duis bibendum',	8,	11,	35),
(39,	'2022-06-22 01:28:53',	'leo maecenas pulvinar lobortis est phasellus sit amet erat nulla tempus vivamus in',	6,	25,	3),
(40,	'2022-10-07 12:10:31',	'mi integer ac neque duis bibendum morbi non quam nec dui luctus rutrum nulla tellus in sagittis dui vel nisl duis ac nibh fusce lacus purus aliquet at feugiat non pretium quis lectus suspendisse potenti in',	10,	19,	50),
(41,	'2022-04-12 03:05:52',	'pulvinar nulla pede ullamcorper augue a suscipit nulla elit ac nulla sed vel enim sit amet nunc viverra dapibus',	3,	53,	28),
(42,	'2022-08-14 18:16:43',	'ipsum primis in faucibus orci luctus et ultrices posuere cubilia curae nulla dapibus dolor vel est donec odio justo sollicitudin ut suscipit a feugiat et eros vestibulum ac',	9,	5,	2),
(43,	'2021-12-20 06:01:36',	'quam sapien varius ut blandit non interdum in ante vestibulum ante ipsum primis in',	6,	36,	24),
(44,	'2022-10-24 18:14:00',	'amet sapien dignissim vestibulum vestibulum ante ipsum primis in faucibus orci luctus et ultrices posuere cubilia curae nulla dapibus dolor vel est donec odio justo sollicitudin ut suscipit a feugiat et eros vestibulum ac est lacinia nisi venenatis tristique fusce congue',	7,	55,	13),
(45,	'2022-06-18 12:46:41',	'mattis pulvinar nulla pede ullamcorper augue a suscipit nulla elit ac nulla sed vel enim sit amet nunc viverra dapibus nulla suscipit ligula in lacus curabitur at ipsum ac tellus semper interdum mauris ullamcorper purus sit amet nulla quisque arcu libero rutrum ac lobortis vel dapibus',	2,	67,	12),
(46,	'2022-08-31 02:07:22',	'faucibus orci luctus et ultrices posuere cubilia curae donec pharetra magna vestibulum aliquet ultrices erat tortor sollicitudin mi sit amet lobortis sapien sapien non mi integer',	3,	79,	24),
(47,	'2022-12-16 01:34:06',	'egestas metus aenean fermentum donec ut mauris eget massa tempor convallis nulla neque libero convallis eget eleifend luctus ultricies eu nibh quisque id justo sit amet sapien dignissim vestibulum vestibulum ante ipsum primis in faucibus',	5,	63,	26),
(48,	'2022-08-14 04:49:06',	'felis ut at dolor quis odio consequat varius integer ac leo pellentesque ultrices mattis odio donec vitae nisi nam ultrices libero non mattis',	4,	46,	50),
(49,	'2022-04-08 21:55:11',	'aenean auctor gravida sem praesent id massa id nisl venenatis lacinia aenean sit amet justo morbi ut odio cras mi pede malesuada in imperdiet et commodo vulputate justo in blandit ultrices enim lorem ipsum dolor sit amet consectetuer adipiscing elit proin interdum mauris non ligula pellentesque ultrices phasellus id sapien',	2,	1,	29),
(50,	'2022-02-05 10:33:04',	'in faucibus orci luctus et ultrices posuere cubilia curae mauris viverra diam vitae quam suspendisse potenti nullam porttitor lacus at turpis donec posuere metus',	1,	22,	19),
(51,	'2022-08-20 08:50:47',	'dis parturient montes nascetur ridiculus mus vivamus vestibulum sagittis sapien cum sociis natoque penatibus et magnis dis parturient montes nascetur ridiculus mus etiam vel augue vestibulum rutrum rutrum neque aenean auctor gravida sem praesent id massa id nisl venenatis lacinia aenean sit amet justo morbi',	6,	34,	38),
(52,	'2022-08-25 00:13:30',	'odio cras mi pede',	2,	7,	7),
(53,	'2022-02-28 10:53:17',	'sapien dignissim vestibulum vestibulum ante ipsum primis in faucibus orci luctus et ultrices posuere cubilia curae nulla dapibus dolor vel est donec odio',	1,	38,	30),
(54,	'2022-04-18 16:35:34',	'enim leo rhoncus sed vestibulum sit amet cursus id',	9,	80,	3),
(55,	'2022-03-04 00:40:17',	'condimentum neque sapien placerat ante nulla justo aliquam quis turpis eget elit sodales scelerisque mauris sit amet eros suspendisse accumsan tortor quis',	4,	22,	25),
(56,	'2022-02-02 06:45:11',	'vulputate justo in blandit ultrices enim lorem ipsum dolor sit amet consectetuer adipiscing elit',	5,	66,	3),
(57,	'2022-02-24 05:27:50',	'odio elementum eu interdum eu tincidunt in leo maecenas pulvinar lobortis est phasellus sit amet erat nulla tempus vivamus',	4,	68,	29),
(58,	'2022-09-09 09:07:05',	'elit proin risus praesent lectus vestibulum quam sapien varius ut blandit non interdum in ante vestibulum ante ipsum primis in faucibus orci luctus et ultrices posuere cubilia curae duis',	10,	70,	36),
(59,	'2022-04-29 21:53:08',	'orci eget orci vehicula condimentum curabitur in libero ut massa volutpat convallis morbi odio odio elementum eu interdum eu tincidunt in leo maecenas pulvinar lobortis est phasellus sit amet erat nulla tempus vivamus in felis eu sapien cursus vestibulum proin eu mi nulla ac enim in tempor turpis',	10,	54,	12),
(60,	'2022-07-30 02:40:08',	'eu est congue elementum in hac habitasse platea dictumst morbi vestibulum velit id',	1,	89,	41),
(61,	'2022-02-26 16:24:20',	'congue risus semper porta volutpat quam pede lobortis ligula sit amet eleifend pede libero quis orci nullam molestie nibh in lectus pellentesque at nulla suspendisse potenti',	2,	96,	45),
(62,	'2022-10-13 03:39:33',	'ligula sit amet eleifend pede libero quis orci nullam molestie nibh in lectus pellentesque at nulla suspendisse potenti cras in purus eu magna vulputate luctus cum sociis natoque penatibus et magnis',	3,	18,	42),
(63,	'2022-11-04 19:18:27',	'habitasse platea dictumst morbi vestibulum velit id pretium iaculis diam erat fermentum justo nec condimentum neque sapien placerat ante nulla justo aliquam quis turpis eget elit sodales scelerisque mauris sit amet eros suspendisse accumsan tortor quis turpis sed ante vivamus tortor duis mattis egestas metus aenean fermentum donec ut mauris',	4,	91,	22),
(64,	'2022-06-19 15:43:11',	'at nulla suspendisse potenti cras in purus eu magna vulputate luctus cum sociis natoque penatibus et magnis dis parturient montes nascetur ridiculus mus vivamus vestibulum sagittis sapien cum sociis natoque penatibus et magnis dis parturient montes nascetur',	2,	20,	44),
(65,	'2022-12-04 00:57:16',	'nisi vulputate nonummy maecenas tincidunt lacus at velit vivamus vel nulla eget eros elementum pellentesque quisque porta volutpat erat quisque erat eros viverra eget congue eget semper rutrum nulla nunc purus',	4,	54,	25),
(66,	'2022-10-20 23:42:48',	'integer ac leo pellentesque ultrices mattis odio donec vitae nisi nam ultrices libero non mattis pulvinar nulla pede ullamcorper',	10,	25,	42),
(67,	'2022-07-21 09:04:18',	'purus aliquet at feugiat non pretium quis lectus suspendisse potenti in eleifend quam a odio in hac habitasse platea dictumst maecenas ut massa quis augue luctus tincidunt nulla mollis molestie lorem quisque ut erat curabitur gravida nisi at nibh in hac habitasse platea dictumst aliquam augue quam sollicitudin',	8,	80,	36),
(68,	'2022-06-12 21:39:58',	'et commodo vulputate justo in blandit ultrices enim lorem ipsum dolor sit amet consectetuer adipiscing elit proin interdum mauris non ligula pellentesque ultrices phasellus id sapien in sapien iaculis congue vivamus metus arcu adipiscing molestie hendrerit at vulputate vitae nisl aenean',	4,	40,	36),
(69,	'2022-04-24 13:06:24',	'nulla tempus vivamus in felis eu sapien cursus vestibulum proin eu mi nulla ac enim in tempor turpis nec euismod scelerisque quam turpis adipiscing lorem vitae mattis nibh ligula nec sem duis aliquam convallis nunc proin at turpis a pede posuere nonummy',	9,	41,	33),
(70,	'2022-11-06 23:38:48',	'curae nulla dapibus dolor vel est donec odio justo sollicitudin ut suscipit a',	8,	28,	21),
(71,	'2022-12-02 22:14:30',	'id lobortis convallis tortor risus dapibus augue vel accumsan tellus nisi eu orci mauris lacinia sapien quis libero nullam sit amet turpis elementum ligula vehicula consequat morbi',	4,	100,	43),
(72,	'2022-07-06 16:41:42',	'volutpat eleifend donec ut dolor morbi vel lectus in quam fringilla rhoncus mauris enim leo rhoncus sed vestibulum sit',	8,	3,	26),
(73,	'2022-05-10 22:28:49',	'justo sit amet sapien dignissim vestibulum vestibulum ante ipsum primis in faucibus orci luctus et ultrices posuere cubilia curae nulla dapibus dolor vel est donec odio justo sollicitudin ut suscipit a feugiat et',	9,	3,	29),
(74,	'2022-04-01 16:51:00',	'aliquam sit amet diam in magna bibendum imperdiet nullam orci pede venenatis non sodales sed tincidunt eu felis fusce posuere felis sed lacus morbi sem mauris laoreet ut rhoncus aliquet pulvinar sed',	9,	50,	28),
(75,	'2022-05-27 03:55:11',	'in faucibus orci luctus et ultrices posuere cubilia curae duis faucibus accumsan odio curabitur convallis duis consequat dui nec nisi volutpat eleifend donec ut dolor morbi vel lectus in quam fringilla',	6,	17,	6),
(76,	'2022-02-23 21:02:34',	'donec ut mauris eget massa tempor convallis nulla neque libero convallis eget eleifend luctus ultricies eu nibh quisque id justo sit amet sapien dignissim vestibulum vestibulum ante ipsum',	10,	71,	46),
(77,	'2023-01-13 01:20:28',	'ultrices posuere cubilia curae mauris viverra diam vitae',	8,	87,	1),
(78,	'2022-11-18 03:49:58',	'in hac habitasse platea dictumst morbi vestibulum velit id pretium iaculis diam erat fermentum justo nec condimentum neque sapien',	6,	51,	27),
(79,	'2022-06-23 09:31:07',	'eget eros elementum pellentesque quisque porta volutpat erat quisque erat eros viverra eget congue eget semper rutrum nulla nunc purus phasellus in',	4,	67,	29),
(80,	'2022-08-27 07:33:17',	'in eleifend quam a odio in hac habitasse platea dictumst maecenas ut massa quis augue luctus tincidunt nulla mollis molestie lorem quisque ut erat curabitur gravida nisi at nibh in hac habitasse platea dictumst aliquam augue quam sollicitudin vitae consectetuer eget rutrum at lorem integer tincidunt',	9,	62,	16),
(81,	'2022-02-23 18:22:37',	'et ultrices posuere cubilia curae nulla dapibus dolor vel est donec odio justo sollicitudin',	2,	77,	39),
(82,	'2022-06-13 23:08:02',	'ante ipsum primis in faucibus orci luctus et ultrices posuere cubilia curae mauris viverra diam vitae quam suspendisse potenti nullam porttitor lacus at turpis donec posuere metus vitae ipsum aliquam non mauris morbi non lectus',	4,	5,	50),
(83,	'2021-12-13 16:15:10',	'turpis sed ante vivamus tortor duis mattis egestas metus aenean fermentum donec ut mauris eget massa tempor convallis nulla neque libero convallis eget',	8,	36,	28),
(84,	'2022-01-06 14:23:00',	'ac enim in tempor turpis nec euismod scelerisque quam turpis adipiscing lorem vitae mattis nibh ligula nec sem duis aliquam convallis nunc proin at turpis a pede posuere nonummy integer non velit donec diam neque vestibulum eget vulputate',	2,	54,	17),
(85,	'2021-12-27 05:06:39',	'etiam faucibus cursus urna ut tellus nulla ut erat id mauris vulputate elementum nullam varius nulla facilisi cras non velit nec nisi vulputate nonummy maecenas tincidunt lacus at velit vivamus vel nulla eget eros elementum pellentesque quisque porta volutpat erat quisque erat',	9,	58,	1),
(86,	'2022-08-29 05:30:31',	'orci eget orci vehicula condimentum curabitur in libero ut massa volutpat',	4,	37,	48),
(87,	'2022-04-04 08:17:38',	'ac neque duis bibendum morbi non quam nec dui luctus rutrum nulla tellus in sagittis dui vel nisl',	5,	94,	9),
(88,	'2022-09-30 00:24:56',	'pulvinar sed nisl nunc rhoncus dui vel sem sed sagittis nam congue risus semper porta volutpat quam',	7,	82,	12),
(89,	'2022-06-15 02:16:29',	'donec ut dolor morbi vel lectus in quam fringilla rhoncus mauris enim leo rhoncus sed vestibulum sit amet',	1,	9,	13),
(90,	'2022-11-14 04:28:54',	'justo morbi ut odio cras mi pede malesuada in imperdiet et commodo vulputate justo in blandit ultrices enim lorem',	5,	19,	45),
(91,	'2022-01-27 17:13:44',	'ante ipsum primis in faucibus orci',	4,	60,	1),
(92,	'2022-07-05 00:35:08',	'elementum pellentesque quisque porta volutpat erat quisque erat eros viverra eget congue eget semper rutrum nulla nunc purus phasellus in felis donec semper sapien',	1,	64,	35),
(93,	'2022-03-14 08:26:51',	'etiam faucibus cursus urna ut tellus nulla ut erat id mauris vulputate elementum nullam varius nulla facilisi cras non velit nec nisi vulputate nonummy maecenas tincidunt lacus at velit vivamus vel nulla eget eros elementum pellentesque quisque porta',	7,	79,	25),
(94,	'2022-07-03 16:37:15',	'justo sit amet sapien dignissim vestibulum vestibulum ante ipsum primis in faucibus orci luctus et ultrices posuere',	10,	75,	47),
(95,	'2022-05-27 21:40:10',	'consequat nulla nisl nunc nisl duis bibendum felis sed interdum venenatis turpis enim blandit mi in porttitor pede justo eu massa donec dapibus duis at velit eu est congue elementum in hac habitasse platea dictumst morbi vestibulum velit id',	1,	37,	49),
(96,	'2022-09-28 14:02:54',	'quisque id justo sit amet sapien dignissim vestibulum vestibulum ante ipsum primis in faucibus orci luctus et ultrices posuere cubilia curae nulla dapibus dolor vel est donec odio justo sollicitudin ut suscipit a feugiat et eros vestibulum ac est lacinia nisi venenatis tristique fusce congue diam id ornare imperdiet',	1,	81,	33),
(97,	'2021-12-04 20:27:05',	'enim lorem ipsum dolor sit amet consectetuer adipiscing elit',	4,	8,	22),
(98,	'2022-08-11 06:55:06',	'faucibus orci luctus et ultrices posuere cubilia curae nulla dapibus dolor vel est donec odio justo sollicitudin ut suscipit a feugiat',	8,	88,	18),
(99,	'2022-01-19 04:52:05',	'tortor duis mattis egestas metus aenean fermentum donec ut mauris eget massa tempor convallis nulla neque libero convallis eget eleifend luctus ultricies eu nibh quisque id justo sit amet sapien dignissim vestibulum vestibulum ante ipsum primis in faucibus',	6,	44,	34),
(100,	'2022-05-30 04:15:09',	'magna vestibulum aliquet ultrices erat tortor sollicitudin mi sit amet lobortis sapien sapien non mi integer ac neque duis bibendum morbi non quam nec dui luctus rutrum nulla tellus in sagittis dui',	1,	51,	48);

-- 2023-01-17 20:48:31
