-- phpMyAdmin SQL Dump
-- version 5.2.0
-- https://www.phpmyadmin.net/
--
-- Host: db:3306
-- Generation Time: Jan 19, 2023 at 11:37 PM
-- Server version: 10.8.3-MariaDB-1:10.8.3+maria~jammy
-- PHP Version: 8.0.27

SET SQL_MODE = "NO_AUTO_VALUE_ON_ZERO";
START TRANSACTION;
SET time_zone = "+00:00";


/*!40101 SET @OLD_CHARACTER_SET_CLIENT=@@CHARACTER_SET_CLIENT */;
/*!40101 SET @OLD_CHARACTER_SET_RESULTS=@@CHARACTER_SET_RESULTS */;
/*!40101 SET @OLD_COLLATION_CONNECTION=@@COLLATION_CONNECTION */;
/*!40101 SET NAMES utf8mb4 */;

--
-- Database: `DocWeboxDB`
--

-- --------------------------------------------------------

--
-- Table structure for table `admins`
--

CREATE TABLE `admins` (
  `id` int(11) NOT NULL,
  `username` varchar(50) NOT NULL,
  `password` varchar(255) NOT NULL,
  `email` varchar(255) DEFAULT NULL
) ENGINE=InnoDB DEFAULT CHARSET=utf8mb4;

--
-- Dumping data for table `admins`
--

INSERT INTO `admins` (`id`, `username`, `password`, `email`) VALUES
(1, 'tguillon0', '$2y$10$1CV/W.S6uiw0BnzTnEPK4.rjNhPeDwQqbhaGey8sO7Cz6tMzNXFbC', NULL),
(2, 'ljanz1', '$2y$10$UoyKApSZgV0DAyPYX9swmeeXE1OSVT1GfqMt2a7T46GZD3RLUB0zC', NULL),
(3, 'gmariolle2', '$2y$10$B3hsLiska2rcT88jCp6B8O/NO3kLX1r4OX1Yd5IJoCqUSPoehOifO', NULL),
(4, 'gcolombier3', '$2y$10$m0jKIRBneW.jgIwVF3iJJOV6urZI7VDVEDl10Uj3CuH0QGDBZf3qa', NULL),
(5, 'cdripp4', '$2y$10$PSjeEEjCBm/gF4/GZMFwoOgbw23RZyKgfrS8A/.RoSdQmizoeUJuS', NULL);

-- --------------------------------------------------------

--
-- Table structure for table `appointments`
--

CREATE TABLE `appointments` (
  `id` int(11) NOT NULL,
  `date` datetime NOT NULL,
  `confirmed` tinyint(1) DEFAULT 0,
  `patientID` int(11) NOT NULL,
  `doctorID` int(11) NOT NULL
) ENGINE=InnoDB DEFAULT CHARSET=utf8mb4;

--
-- Dumping data for table `appointments`
--

INSERT INTO `appointments` (`id`, `date`, `confirmed`, `patientID`, `doctorID`) VALUES
(1, '2022-10-26 03:54:29', 1, 97, 32),
(2, '2022-05-14 23:57:01', 0, 50, 25),
(3, '2023-03-04 21:30:56', 1, 4, 23),
(4, '2022-03-04 18:16:54', 1, 43, 27),
(5, '2022-08-13 12:46:34', 0, 41, 37),
(6, '2022-10-11 22:12:03', 0, 10, 24),
(7, '2022-09-19 06:21:16', 1, 87, 25),
(8, '2022-07-14 14:48:30', 0, 55, 11),
(9, '2023-03-22 09:52:13', 1, 29, 46),
(10, '2023-02-07 00:48:10', 1, 33, 14),
(11, '2022-06-06 17:59:44', 1, 6, 20),
(12, '2023-03-20 18:29:25', 1, 52, 24),
(13, '2022-06-03 16:17:50', 0, 2, 16),
(14, '2023-03-06 13:41:12', 0, 31, 40),
(15, '2022-12-19 01:46:07', 0, 71, 18),
(16, '2022-02-18 19:03:24', 1, 75, 43),
(17, '2023-02-08 01:46:27', 0, 78, 11),
(18, '2022-05-31 07:05:05', 1, 51, 49),
(19, '2022-07-01 14:59:33', 1, 52, 6),
(20, '2023-02-03 06:01:49', 1, 66, 15),
(21, '2022-01-18 22:34:19', 0, 6, 46),
(22, '2022-03-06 23:16:29', 0, 32, 45),
(23, '2022-10-06 05:08:12', 1, 13, 42),
(24, '2022-05-23 23:25:54', 0, 33, 30),
(25, '2022-01-22 08:11:52', 1, 37, 45),
(26, '2022-10-31 11:41:25', 1, 79, 1),
(27, '2022-12-25 21:58:50', 0, 12, 4),
(28, '2023-03-06 18:59:35', 0, 45, 26),
(29, '2023-02-15 13:26:31', 1, 89, 29),
(30, '2022-09-23 08:14:24', 1, 45, 6),
(31, '2022-12-29 10:40:44', 0, 24, 15),
(32, '2022-08-14 15:44:22', 1, 66, 43),
(33, '2022-11-07 13:01:13', 0, 94, 10),
(34, '2022-05-27 02:56:10', 0, 28, 9),
(35, '2023-01-28 07:33:09', 1, 62, 18),
(36, '2022-09-19 07:46:40', 1, 33, 35),
(37, '2022-03-07 21:08:12', 1, 79, 28),
(38, '2022-12-03 05:08:26', 0, 5, 11),
(39, '2022-09-24 03:01:16', 0, 79, 23),
(40, '2023-02-05 21:40:03', 0, 15, 45),
(41, '2022-01-19 16:20:00', 1, 31, 44),
(42, '2022-03-25 22:59:09', 0, 25, 24),
(43, '2022-10-12 21:10:02', 1, 34, 45),
(44, '2022-09-01 19:45:09', 0, 63, 1),
(45, '2022-08-05 11:42:53', 1, 33, 23),
(46, '2022-03-21 17:48:10', 1, 63, 3),
(47, '2023-02-20 08:19:14', 1, 1, 1),
(48, '2022-02-28 21:02:43', 0, 53, 18),
(49, '2022-10-26 09:54:16', 1, 76, 24),
(50, '2023-01-20 08:14:25', 1, 13, 3),
(51, '2022-09-12 15:58:47', 0, 31, 27),
(52, '2022-08-27 20:12:42', 0, 16, 33),
(53, '2022-03-31 03:40:25', 1, 27, 4),
(54, '2022-01-19 06:09:14', 0, 84, 19),
(55, '2022-08-01 19:47:37', 0, 70, 21),
(56, '2022-09-17 04:49:17', 1, 71, 39),
(57, '2022-07-19 10:59:22', 0, 26, 46),
(58, '2022-05-26 17:58:35', 0, 83, 22),
(59, '2022-12-13 16:51:32', 1, 46, 49),
(60, '2023-01-24 02:38:45', 1, 18, 28),
(61, '2022-02-13 09:39:46', 0, 11, 15),
(62, '2022-08-26 05:11:11', 1, 68, 14),
(63, '2022-05-14 06:38:35', 1, 58, 24),
(64, '2022-04-12 01:10:22', 0, 40, 46),
(65, '2022-12-06 03:12:48', 0, 23, 44),
(66, '2022-02-23 20:07:12', 1, 22, 3),
(67, '2023-01-05 04:56:37', 1, 82, 11),
(68, '2022-04-10 10:11:02', 1, 91, 2),
(69, '2022-06-26 14:36:29', 1, 26, 43),
(70, '2023-03-15 11:12:51', 0, 60, 28),
(71, '2022-07-05 13:55:55', 1, 71, 44),
(72, '2023-02-06 09:00:14', 1, 28, 34),
(73, '2023-01-16 23:13:58', 1, 81, 43),
(74, '2023-02-25 13:44:46', 0, 13, 12),
(75, '2022-08-15 14:36:07', 1, 20, 19),
(76, '2023-01-07 11:23:57', 1, 29, 43),
(77, '2022-10-02 14:50:17', 0, 54, 45),
(78, '2022-05-11 05:02:21', 0, 94, 8),
(79, '2022-06-11 06:17:43', 0, 58, 40),
(80, '2022-12-25 21:02:39', 1, 28, 11),
(81, '2022-05-15 03:47:17', 1, 29, 43),
(82, '2022-03-30 13:35:23', 1, 81, 43),
(83, '2022-10-24 13:20:18', 1, 43, 46),
(84, '2022-06-07 20:56:28', 1, 5, 44),
(85, '2023-03-11 01:57:16', 1, 4, 36),
(86, '2023-02-27 15:49:28', 1, 36, 4),
(87, '2022-08-27 07:22:31', 1, 53, 25),
(88, '2022-11-26 05:08:18', 0, 49, 10),
(89, '2022-10-01 11:06:58', 0, 87, 44),
(90, '2022-02-14 00:54:25', 1, 87, 20),
(91, '2022-12-06 06:48:33', 0, 72, 37),
(92, '2023-03-07 08:11:46', 1, 8, 26),
(93, '2022-04-19 16:04:02', 0, 27, 29),
(94, '2022-08-11 23:17:33', 0, 91, 31),
(95, '2022-04-06 08:13:32', 0, 38, 44),
(96, '2022-04-24 12:22:18', 0, 26, 49),
(97, '2023-02-28 14:11:16', 0, 23, 27),
(98, '2022-06-22 05:27:48', 1, 32, 20),
(99, '2022-03-12 05:25:26', 0, 4, 41),
(100, '2023-01-03 09:10:25', 1, 25, 15),
(101, '2022-06-12 11:52:42', 1, 64, 40),
(102, '2022-04-29 11:49:32', 0, 37, 8),
(103, '2023-02-27 00:10:28', 0, 80, 32),
(104, '2022-11-08 09:07:10', 0, 4, 32),
(105, '2022-08-29 12:18:54', 0, 2, 1),
(106, '2022-07-17 08:52:04', 1, 34, 34),
(107, '2022-05-25 07:56:27', 1, 58, 49),
(108, '2023-01-04 23:56:25', 0, 53, 13),
(109, '2023-01-08 02:59:34', 0, 62, 29),
(110, '2022-02-10 08:55:48', 0, 65, 42),
(111, '2022-03-02 16:34:04', 1, 90, 22),
(112, '2022-07-07 07:03:51', 1, 50, 11),
(113, '2023-02-22 21:47:52', 0, 13, 19),
(114, '2023-02-26 11:30:17', 1, 79, 29),
(115, '2022-06-29 18:21:12', 1, 26, 18),
(116, '2022-06-26 03:50:13', 0, 92, 23),
(117, '2023-01-27 21:46:22', 1, 25, 48),
(118, '2022-08-30 07:56:20', 0, 99, 20),
(119, '2023-03-22 17:50:41', 1, 58, 48),
(120, '2023-01-16 00:57:16', 0, 42, 35),
(121, '2022-07-26 22:04:31', 0, 39, 22),
(122, '2022-09-02 00:15:03', 1, 12, 1),
(123, '2022-12-16 15:19:28', 0, 69, 13),
(124, '2022-07-19 18:08:16', 0, 68, 10),
(125, '2022-11-27 04:11:53', 1, 48, 41),
(126, '2022-09-26 16:56:17', 0, 20, 19),
(127, '2022-06-21 20:03:23', 1, 35, 29),
(128, '2022-06-12 13:54:48', 0, 84, 2),
(129, '2022-06-26 11:28:52', 0, 20, 33),
(130, '2023-01-24 16:36:12', 0, 57, 20),
(131, '2022-11-19 21:55:51', 0, 54, 35),
(132, '2022-04-01 03:01:22', 1, 94, 50),
(133, '2023-02-01 15:27:35', 0, 26, 10),
(134, '2023-01-21 06:31:57', 1, 87, 41),
(135, '2022-07-26 21:14:47', 1, 23, 29),
(136, '2022-09-26 14:42:27', 1, 87, 10),
(137, '2022-11-11 18:57:28', 0, 83, 27),
(138, '2022-06-28 08:48:13', 1, 69, 45),
(139, '2022-12-02 19:36:32', 0, 99, 46),
(140, '2022-08-16 19:38:38', 1, 93, 29),
(141, '2022-06-21 22:36:37', 1, 4, 39),
(142, '2022-06-20 21:48:13', 1, 38, 19),
(143, '2022-07-16 03:14:54', 0, 16, 24),
(144, '2022-12-04 14:30:01', 1, 12, 38),
(145, '2022-07-04 11:02:08', 1, 41, 3),
(146, '2022-05-05 16:45:32', 1, 66, 46),
(147, '2023-02-11 01:11:07', 1, 82, 27),
(148, '2023-03-17 21:01:09', 1, 14, 30),
(149, '2023-01-07 01:07:46', 0, 87, 3),
(150, '2022-03-04 23:33:36', 1, 10, 19),
(151, '2022-11-28 00:19:25', 0, 45, 38),
(152, '2023-03-10 22:36:47', 1, 58, 7),
(153, '2022-11-07 02:17:03', 1, 96, 10),
(154, '2022-12-25 13:29:44', 1, 71, 3),
(155, '2022-05-05 00:28:08', 1, 27, 22),
(156, '2022-03-23 22:30:48', 0, 81, 46),
(157, '2023-03-16 11:51:21', 0, 28, 12),
(158, '2022-02-03 14:31:45', 0, 63, 33),
(159, '2023-03-09 16:41:31', 1, 99, 50),
(160, '2022-11-09 01:07:43', 1, 16, 25),
(161, '2022-10-08 21:12:43', 1, 66, 3),
(162, '2022-07-14 20:20:48', 1, 28, 25),
(163, '2022-08-27 12:01:13', 1, 10, 3),
(164, '2023-01-27 00:10:54', 0, 72, 19),
(165, '2022-05-11 18:57:28', 1, 27, 47),
(166, '2022-09-26 08:02:37', 0, 52, 28),
(167, '2022-04-10 01:16:04', 0, 30, 13),
(168, '2023-03-03 01:09:52', 1, 2, 30),
(169, '2022-12-03 17:07:20', 0, 32, 46),
(170, '2022-02-22 04:03:31', 1, 7, 15),
(171, '2022-05-15 08:37:36', 0, 32, 47),
(172, '2023-03-14 23:56:41', 1, 39, 34),
(173, '2023-01-23 16:23:44', 0, 82, 10),
(174, '2022-04-14 01:51:03', 1, 31, 27),
(175, '2022-02-26 05:47:29', 1, 52, 3),
(176, '2022-07-16 07:10:52', 1, 5, 5),
(177, '2022-02-10 23:50:21', 0, 51, 31),
(178, '2023-01-23 04:07:36', 1, 28, 21),
(179, '2022-06-22 07:48:14', 1, 75, 43),
(180, '2023-02-17 00:38:16', 0, 43, 16),
(181, '2022-03-14 22:46:59', 1, 92, 45),
(182, '2022-06-21 13:31:13', 0, 18, 2),
(183, '2022-03-07 01:37:19', 0, 8, 9),
(184, '2022-09-07 20:48:32', 1, 64, 13),
(185, '2022-08-29 07:08:24', 0, 81, 39),
(186, '2022-09-27 22:19:01', 0, 87, 3),
(187, '2022-09-25 16:58:55', 0, 3, 41),
(188, '2022-09-17 05:45:03', 1, 4, 44),
(189, '2022-02-03 14:13:45', 1, 37, 4),
(190, '2022-09-17 21:48:02', 1, 50, 15),
(191, '2022-07-18 22:26:00', 0, 16, 34),
(192, '2022-10-21 09:40:14', 0, 95, 31),
(193, '2022-03-03 16:42:30', 1, 91, 9),
(194, '2022-12-07 19:51:00', 0, 41, 31),
(195, '2022-05-11 14:23:45', 1, 100, 47),
(196, '2022-05-10 03:03:18', 1, 70, 32),
(197, '2022-07-27 08:17:11', 1, 60, 5),
(198, '2022-10-09 14:57:15', 1, 87, 46),
(199, '2022-12-27 12:29:11', 0, 20, 2),
(200, '2022-05-12 12:27:49', 1, 39, 9);

-- --------------------------------------------------------

--
-- Table structure for table `doctors`
--

CREATE TABLE `doctors` (
  `id` int(11) NOT NULL,
  `username` varchar(50) NOT NULL,
  `password` varchar(255) NOT NULL,
  `name` varchar(255) DEFAULT NULL,
  `email` varchar(255) DEFAULT NULL,
  `avatarUrl` varchar(255) DEFAULT NULL,
  `phone` varchar(50) DEFAULT NULL,
  `location` varchar(255) DEFAULT NULL,
  `insurance` varchar(255) DEFAULT NULL,
  `specialisation` varchar(255) DEFAULT NULL,
  `price` double DEFAULT NULL,
  `description` text DEFAULT NULL
) ENGINE=InnoDB DEFAULT CHARSET=utf8mb4;

--
-- Dumping data for table `doctors`
--

INSERT INTO `doctors` (`id`, `username`, `password`, `name`, `email`, `avatarUrl`, `phone`, `location`, `insurance`, `specialisation`, `price`, `description`) VALUES
(1, 'cmcilwraith0', '$2y$10$6rwN5zYsHBM0LoDx2oc8Bu0ozi/ap.7ta7hdDDezTWzPyI/z8pKVq', 'Cesare McIlwraith', 'cmcilwraith0@uiuc.edu', 'https://robohash.org/cupiditatedictaet.png?size=250x250&set=set1', '+86-392-180-6901', 'Oklahoma City', 'Aetna', 'Hematology', 42.44, 'In hac habitasse platea dictumst. Maecenas ut massa quis augue luctus tincidunt. Nulla mollis molestie lorem. Quisque ut erat. Curabitur gravida nisi at nibh. In hac habitasse platea dictumst. Aliquam augue quam, sollicitudin vitae, consectetuer eget, rutrum at, lorem.'),
(2, 'sesson1', '$2y$10$agEGE53HW7.29t/xNQ2FX.rxD/AP.vX4KCkerD3T8DypBqdQsRU3i', 'Sybila Esson', 'sesson1@reverbnation.com', 'https://robohash.org/quasiteneturipsum.png?size=250x250&set=set1', '+55-416-160-2435', 'Seattle', 'Kaiser Permanente', 'Immumnology', 74.38, 'Duis ac nibh. Fusce lacus purus, aliquet at, feugiat non, pretium quis, lectus. Suspendisse potenti. In eleifend quam a odio. In hac habitasse platea dictumst. Maecenas ut massa quis augue luctus tincidunt. Nulla mollis molestie lorem. Quisque ut erat. Curabitur gravida nisi at nibh.'),
(3, 'ifirle2', '$2y$10$2q64ACc12HasowxoEnPKzug3favAOAaiWH1CgkPqm4PULko8nTKIS', 'Ives Firle', 'ifirle2@ycombinator.com', 'https://robohash.org/quamarchitectoconsequuntur.png?size=250x250&set=set1', '+86-470-356-3078', 'New York', 'Premera Blue Cross', 'Oncology', 98.07, 'Etiam faucibus cursus urna. Ut tellus. Nulla ut erat id mauris vulputate elementum. Nullam varius. Nulla facilisi. Cras non velit nec nisi vulputate nonummy. Maecenas tincidunt lacus at velit. Vivamus vel nulla eget eros elementum pellentesque. Quisque porta volutpat erat.'),
(4, 'mkornalik3', '$2y$10$4RdHrT6T.Fb2g9.ThVgUEu6lTgEaAnqxJ94zY1g3dTv5rROa46ThW', 'Maddy Kornalik', 'mkornalik3@domainmarket.com', 'https://robohash.org/nobiseiusdolores.png?size=250x250&set=set1', '+49-350-429-1796', 'San Jose', 'Fidelis Care', 'Hematology', 99.09, 'Duis bibendum. Morbi non quam nec dui luctus rutrum. Nulla tellus.'),
(5, 'mmcewan4', '$2y$10$z.4U.NQ7DMtAT4RtFqeFqOXeyEpK1szv/q1vn9VBhj8VAc9qjndUa', 'Matt McEwan', 'mmcewan4@clickbank.net', 'https://robohash.org/omnismagniet.png?size=250x250&set=set1', '+7-766-471-7193', 'Oklahoma City', 'Kaiser Permanente', 'Hematology', 53.71, 'Pellentesque at nulla. Suspendisse potenti. Cras in purus eu magna vulputate luctus. Cum sociis natoque penatibus et magnis dis parturient montes, nascetur ridiculus mus. Vivamus vestibulum sagittis sapien. Cum sociis natoque penatibus et magnis dis parturient montes, nascetur ridiculus mus. Etiam vel augue. Vestibulum rutrum rutrum neque.'),
(6, 'kchomicki5', '$2y$10$4QUAlr26t2xRntjo4NfwTekWj8OxjyXTrwezRbyjGW0fetdifvKS6', 'Kris Chomicki', 'kchomicki5@sciencedaily.com', 'https://robohash.org/oditquiased.png?size=250x250&set=set1', '+359-256-353-6849', 'Fort Worth', 'Mutual of Omaha', 'Hematology', 91.96, 'Lorem ipsum dolor sit amet, consectetuer adipiscing elit. Proin interdum mauris non ligula pellentesque ultrices. Phasellus id sapien in sapien iaculis congue. Vivamus metus arcu, adipiscing molestie, hendrerit at, vulputate vitae, nisl. Aenean lectus. Pellentesque eget nunc. Donec quis orci eget orci vehicula condimentum.'),
(7, 'fjacobssen6', '$2y$10$Jlmc4dQhCKOjErxeDlA1geu0XasjXV/2fsYtfV88Q//V3Ihl5tRWy', 'Fayina Jacobssen', 'fjacobssen6@a8.net', 'https://robohash.org/aliquidetfugit.png?size=250x250&set=set1', '+95-498-792-3415', 'Charlotte', 'United American Insurance Company', 'Oncology', 25.42, 'Proin risus. Praesent lectus. Vestibulum quam sapien, varius ut, blandit non, interdum in, ante. Vestibulum ante ipsum primis in faucibus orci luctus et ultrices posuere cubilia Curae; Duis faucibus accumsan odio. Curabitur convallis. Duis consequat dui nec nisi volutpat eleifend.'),
(8, 'odallicoat7', '$2y$10$g1K1FH6hR84SjpkUZqF05O7i5Ul6PWcnL9OJ8TV0JWfapdf0cErA2', 'Otis Dallicoat', 'odallicoat7@patch.com', 'https://robohash.org/atquenesciuntdicta.png?size=250x250&set=set1', '+86-746-828-1827', 'San Jose', 'Fidelis Care', 'Laboratory', 77.55, 'Aenean auctor gravida sem. Praesent id massa id nisl venenatis lacinia.'),
(9, 'scownden8', '$2y$10$SsCx9dpBA9Na4ZkrsRMALuNLcaoi4zPTWh4wlqUBkosE3nYUS8ad2', 'Sibilla Cownden', 'scownden8@globo.com', 'https://robohash.org/inomnissaepe.png?size=250x250&set=set1', '+81-563-284-9095', 'Denver', 'Bankers Life and Casualty', 'Hematology', 88.74, 'Quisque porta volutpat erat. Quisque erat eros, viverra eget, congue eget, semper rutrum, nulla.'),
(10, 'rryburn9', '$2y$10$0zKd1HjSsuZrmjj8Ak75sO7wssctaIDyMAtG3KeYKm0KQURABsJLO', 'Rickert Ryburn', 'rryburn9@de.vu', 'https://robohash.org/utsequidignissimos.png?size=250x250&set=set1', '+55-621-619-4187', 'Dallas', 'American Family Insurance', 'Laboratory', 71.48, 'Etiam pretium iaculis justo. In hac habitasse platea dictumst. Etiam faucibus cursus urna. Ut tellus. Nulla ut erat id mauris vulputate elementum. Nullam varius. Nulla facilisi. Cras non velit nec nisi vulputate nonummy. Maecenas tincidunt lacus at velit.'),
(11, 'jyvensa', '$2y$10$PDQPsfOj1v.m.bbfKUKzEehiIceCa2b/gUAR9eFkz0NaXeftfkrLK', 'Jyoti Yvens', 'jyvensa@thetimes.co.uk', 'https://robohash.org/nequesedquasi.png?size=250x250&set=set1', '+52-265-367-4553', 'New York', 'Mutual of Omaha', 'Hematology', 40.38, 'In sagittis dui vel nisl. Duis ac nibh. Fusce lacus purus, aliquet at, feugiat non, pretium quis, lectus. Suspendisse potenti. In eleifend quam a odio. In hac habitasse platea dictumst. Maecenas ut massa quis augue luctus tincidunt. Nulla mollis molestie lorem. Quisque ut erat.'),
(12, 'hortab', '$2y$10$bZF9ZAN7gf59EMxzkwHFLuH3bP6GKuNZG5WR7UeF9opQ9iG9iwGAO', 'Hanson Orta', 'hortab@psu.edu', 'https://robohash.org/voluptatemdoloremesse.png?size=250x250&set=set1', '+55-402-459-5524', 'Fort Worth', 'Conseco', 'Laboratory', 14.91, 'Duis aliquam convallis nunc. Proin at turpis a pede posuere nonummy. Integer non velit. Donec diam neque, vestibulum eget, vulputate ut, ultrices vel, augue. Vestibulum ante ipsum primis in faucibus orci luctus et ultrices posuere cubilia Curae; Donec pharetra, magna vestibulum aliquet ultrices, erat tortor sollicitudin mi, sit amet lobortis sapien sapien non mi.'),
(13, 'edevenniec', '$2y$10$ebo5R3mUSqL4U0r6xfI4AOfX6aAOWE4N/gNKWKQyw9Zr6MrtoR9Hy', 'Erasmus Devennie', 'edevenniec@booking.com', 'https://robohash.org/perferendisnullanihil.png?size=250x250&set=set1', '+86-115-592-5702', 'Indianapolis', 'American Family Insurance', 'Psychiatry', 53.64, 'Vivamus vestibulum sagittis sapien. Cum sociis natoque penatibus et magnis dis parturient montes, nascetur ridiculus mus. Etiam vel augue.'),
(14, 'abighamd', '$2y$10$mNKzAo4WChZLsnIW6bD6BOk1iubMk14MU0obX4BGIDHopoUeelsXO', 'Ardenia Bigham', 'abighamd@altervista.org', 'https://robohash.org/ipsaeosbeatae.png?size=250x250&set=set1', '+86-500-492-3041', 'Philadelphia', 'Thrivent Financial for Lutherans', 'Hematology', 99.26, 'Vivamus vel nulla eget eros elementum pellentesque. Quisque porta volutpat erat.'),
(15, 'ndoxeye', '$2y$10$a501CmBiGrWJ0aMivvvuoOk2OgWQx/sjgedhEARe.4QUQ6POiXe8m', 'Nancy Doxey', 'ndoxeye@rediff.com', 'https://robohash.org/etquisipsum.png?size=250x250&set=set1', '+44-672-564-1480', 'Jacksonville', 'American Family Insurance', 'Opthalmology', 59.54, 'In sagittis dui vel nisl. Duis ac nibh. Fusce lacus purus, aliquet at, feugiat non, pretium quis, lectus. Suspendisse potenti. In eleifend quam a odio. In hac habitasse platea dictumst. Maecenas ut massa quis augue luctus tincidunt. Nulla mollis molestie lorem. Quisque ut erat.'),
(16, 'ddevonsf', '$2y$10$Ht3lPt6sabU3VIpzhUgxLuOKfDi6zBoz7jlfGdK.pcNNgn.HAKB9u', 'Darell Devons', 'ddevonsf@example.com', 'https://robohash.org/idprovidentconsequatur.png?size=250x250&set=set1', '+36-125-184-5589', 'Indianapolis', 'Fidelis Care', 'Psychiatry', 21.91, 'Curabitur convallis. Duis consequat dui nec nisi volutpat eleifend. Donec ut dolor. Morbi vel lectus in quam fringilla rhoncus. Mauris enim leo, rhoncus sed, vestibulum sit amet, cursus id, turpis.'),
(17, 'fswiggerg', '$2y$10$U4Koswhes6itJsyLCPWyre6xNodys2BhELmYvNvUZQfi8614s6ari', 'Fidelity Swigger', 'fswiggerg@time.com', 'https://robohash.org/laboreassumendaconsequatur.png?size=250x250&set=set1', '+54-592-748-6053', 'San Antonio', 'Kaiser Permanente', 'Oncology', 31.6, 'Morbi non lectus. Aliquam sit amet diam in magna bibendum imperdiet. Nullam orci pede, venenatis non, sodales sed, tincidunt eu, felis. Fusce posuere felis sed lacus. Morbi sem mauris, laoreet ut, rhoncus aliquet, pulvinar sed, nisl. Nunc rhoncus dui vel sem. Sed sagittis. Nam congue, risus semper porta volutpat, quam pede lobortis ligula, sit amet eleifend pede libero quis orci. Nullam molestie nibh in lectus. Pellentesque at nulla.'),
(18, 'gguerreauh', '$2y$10$3jIDEdC5B1HbxTdu8ZK.5OdbgXRqW3sQACm0Us/jQdTu5M9jIwCjq', 'Gardener Guerreau', 'gguerreauh@tuttocitta.it', 'https://robohash.org/faceredeseruntnemo.png?size=250x250&set=set1', '+386-829-477-2975', 'Phoenix', 'Premera Blue Cross', 'Dental', 40.32, 'Pellentesque ultrices mattis odio. Donec vitae nisi. Nam ultrices, libero non mattis pulvinar, nulla pede ullamcorper augue, a suscipit nulla elit ac nulla. Sed vel enim sit amet nunc viverra dapibus. Nulla suscipit ligula in lacus. Curabitur at ipsum ac tellus semper interdum.'),
(19, 'dstazikeri', '$2y$10$tu/KocPFtuRT0Zx3HZ.jruJALjYyaHubI5QGx.ySxiM25thwxxvcC', 'Devonne Staziker', 'dstazikeri@wikispaces.com', 'https://robohash.org/blanditiisametlibero.png?size=250x250&set=set1', '+351-790-616-5343', 'San Jose', 'United American Insurance Company', 'Cardiology', 25.5, 'Quisque ut erat. Curabitur gravida nisi at nibh. In hac habitasse platea dictumst. Aliquam augue quam, sollicitudin vitae, consectetuer eget, rutrum at, lorem. Integer tincidunt ante vel ipsum. Praesent blandit lacinia erat. Vestibulum sed magna at nunc commodo placerat. Praesent blandit.'),
(20, 'mmeusj', '$2y$10$TFGlZmnrrJ578t1KufcA1.QPUW6uMuRoqn1JZNhpcMpXwa/QSGTNK', 'Merilee Meus', 'mmeusj@tuttocitta.it', 'https://robohash.org/facereabdeserunt.png?size=250x250&set=set1', '+62-115-322-7945', 'Austin', 'Mutual of Omaha', 'Laboratory', 66.07, 'Morbi vel lectus in quam fringilla rhoncus. Mauris enim leo, rhoncus sed, vestibulum sit amet, cursus id, turpis. Integer aliquet, massa id lobortis convallis, tortor risus dapibus augue, vel accumsan tellus nisi eu orci. Mauris lacinia sapien quis libero. Nullam sit amet turpis elementum ligula vehicula consequat. Morbi a ipsum. Integer a nibh. In quis justo. Maecenas rhoncus aliquam lacus.'),
(21, 'rsweenyk', '$2y$10$LFYdBBebvMmgo/bJVldDl..W7m4DlOg6IksIh9Uj9RCrr.DPFdHLK', 'Randa Sweeny', 'rsweenyk@economist.com', 'https://robohash.org/doloresinciduntvoluptatum.png?size=250x250&set=set1', '+62-685-178-8029', 'Charlotte', 'Conseco', 'Cardiology', 68.84, 'Quisque erat eros, viverra eget, congue eget, semper rutrum, nulla. Nunc purus. Phasellus in felis. Donec semper sapien a libero. Nam dui. Proin leo odio, porttitor id, consequat in, consequat ut, nulla. Sed accumsan felis. Ut at dolor quis odio consequat varius.'),
(22, 'cteasdalemarkiel', '$2y$10$4DHWAQozqPkG233oDu4tme/TcUp4rqKvOUymaI92p4A4lnXhvCRlG', 'Chastity Teasdale-Markie', 'cteasdalemarkiel@4shared.com', 'https://robohash.org/estquaeprovident.png?size=250x250&set=set1', '+81-112-286-7510', 'San Jose', 'Premera Blue Cross', 'Dental', 23.38, 'Vestibulum ante ipsum primis in faucibus orci luctus et ultrices posuere cubilia Curae; Mauris viverra diam vitae quam. Suspendisse potenti. Nullam porttitor lacus at turpis. Donec posuere metus vitae ipsum.'),
(23, 'wyanceym', '$2y$10$IiV1hNw4Eac7YfDagySVLe.y6pjbdQd2szyVOPAXq1UJi.CTvDoc2', 'Walt Yancey', 'wyanceym@infoseek.co.jp', 'https://robohash.org/autoccaecatiut.png?size=250x250&set=set1', '+385-972-130-2122', 'Fort Worth', 'Fidelis Care', 'Opthalmology', 39.65, 'Nullam varius. Nulla facilisi. Cras non velit nec nisi vulputate nonummy. Maecenas tincidunt lacus at velit. Vivamus vel nulla eget eros elementum pellentesque.'),
(24, 'lspondleyn', '$2y$10$mQwe2Ip9xhcj.0c5z3GMK.Yzc9o1KnG/96dp3YYItNVkNbQFjzI5.', 'Loella Spondley', 'lspondleyn@storify.com', 'https://robohash.org/rerumatoptio.png?size=250x250&set=set1', '+385-961-328-9116', 'Columbus', 'Kaiser Permanente', 'Opthalmology', 15.33, 'Aenean sit amet justo. Morbi ut odio. Cras mi pede, malesuada in, imperdiet et, commodo vulputate, justo.'),
(25, 'lbelvardo', '$2y$10$/nm9fvNg/37bfx/BKq7iiuCVlYMynPq.5UFcpoQprfznqX7nDWey6', 'Lorna Belvard', 'lbelvardo@discovery.com', 'https://robohash.org/ethicfacere.png?size=250x250&set=set1', '+62-964-533-8035', 'Fort Worth', 'Mutual of Omaha', 'Laboratory', 88.87, 'Suspendisse potenti. Cras in purus eu magna vulputate luctus. Cum sociis natoque penatibus et magnis dis parturient montes, nascetur ridiculus mus. Vivamus vestibulum sagittis sapien. Cum sociis natoque penatibus et magnis dis parturient montes, nascetur ridiculus mus. Etiam vel augue. Vestibulum rutrum rutrum neque. Aenean auctor gravida sem.'),
(26, 'wgherardescip', '$2y$10$E85BGnIITcuM5.S3KfEB9u/prn361Cx4MKYO/.JAIm3dw4qju4HsO', 'Willa Gherardesci', 'wgherardescip@mysql.com', 'https://robohash.org/nonesseautem.png?size=250x250&set=set1', '+62-878-175-1217', 'New York', 'Aetna', 'Laboratory', 70.03, 'Cras non velit nec nisi vulputate nonummy. Maecenas tincidunt lacus at velit.'),
(27, 'wlemasneyq', '$2y$10$N2gOGP3dVYYxx8elk8ULquKwAFDcADwrRK35rAsoDnpF/9yLXjcou', 'Winnah Lemasney', 'wlemasneyq@un.org', 'https://robohash.org/molestiaemolestiaeet.png?size=250x250&set=set1', '+351-988-698-1156', 'New York', 'Mutual of Omaha', 'Psychiatry', 53.14, 'Nam dui. Proin leo odio, porttitor id, consequat in, consequat ut, nulla. Sed accumsan felis. Ut at dolor quis odio consequat varius. Integer ac leo. Pellentesque ultrices mattis odio. Donec vitae nisi. Nam ultrices, libero non mattis pulvinar, nulla pede ullamcorper augue, a suscipit nulla elit ac nulla.'),
(28, 'lmaccullochr', '$2y$10$aL/scoV3NlLWyYyTjFNOd.bJqTE.ne5RUyCa40i3BYt/R5PErm29C', 'Loree MacCulloch', 'lmaccullochr@qq.com', 'https://robohash.org/commodirepudiandaeaut.png?size=250x250&set=set1', '+503-946-479-2360', 'New York', 'Aetna', 'Immumnology', 76.28, 'Duis at velit eu est congue elementum. In hac habitasse platea dictumst. Morbi vestibulum, velit id pretium iaculis, diam erat fermentum justo, nec condimentum neque sapien placerat ante. Nulla justo. Aliquam quis turpis eget elit sodales scelerisque. Mauris sit amet eros. Suspendisse accumsan tortor quis turpis. Sed ante. Vivamus tortor.'),
(29, 'dwillshaws', '$2y$10$xERFWaGGV14vr2LtV37DBubZEj4Hj1un1IpMlr2VYEZAT71sFArEa', 'Daile Willshaw', 'dwillshaws@google.com', 'https://robohash.org/autemnamvel.png?size=250x250&set=set1', '+504-739-451-5695', 'Charlotte', 'United American Insurance Company', 'Oncology', 13.92, 'Fusce congue, diam id ornare imperdiet, sapien urna pretium nisl, ut volutpat sapien arcu sed augue. Aliquam erat volutpat. In congue.'),
(30, 'lhagyardt', '$2y$10$AvgWnT5vgpsi.gYGQ9dWs.6aId5lns2AVEgsCgHMnBOlmYjt7xeiy', 'Lorri Hagyard', 'lhagyardt@ow.ly', 'https://robohash.org/quiconsequunturet.png?size=250x250&set=set1', '+230-423-483-8968', 'Columbus', 'Aetna', 'Immumnology', 61.18, 'Vestibulum sed magna at nunc commodo placerat.'),
(31, 'jhupkau', '$2y$10$7NKyckTW.dauZWmwbjv.OeUFXtdfU9M43RyZ4CkQYx5Te2ape8PEi', 'Julietta Hupka', 'jhupkau@example.com', 'https://robohash.org/harumdebitissit.png?size=250x250&set=set1', '+86-439-946-0836', 'Seattle', 'United American Insurance Company', 'Hematology', 39, 'Sed ante. Vivamus tortor. Duis mattis egestas metus. Aenean fermentum. Donec ut mauris eget massa tempor convallis.'),
(32, 'hpantryv', '$2y$10$g1AZ2CIDMs5v4S83lqGZ7ezUy2kaeZMkZgmSg7xSawYSzOXV/bAmG', 'Hali Pantry', 'hpantryv@loc.gov', 'https://robohash.org/rerumquiaconsequuntur.png?size=250x250&set=set1', '+381-204-970-0284', 'San Diego', 'Fidelis Care', 'Opthalmology', 22.65, 'Etiam faucibus cursus urna. Ut tellus. Nulla ut erat id mauris vulputate elementum.'),
(33, 'apenrightw', '$2y$10$AnbDnKWJJ2dZVBF0/D3iyOSvIbeLKXtt.J6uQRJ1AIudHR9uLIlV6', 'Andrej Penright', 'apenrightw@multiply.com', 'https://robohash.org/distinctiomolestiasdolorum.png?size=250x250&set=set1', '+1-714-989-5791', 'Seattle', 'Mutual of Omaha', 'Dental', 55.91, 'Duis mattis egestas metus. Aenean fermentum. Donec ut mauris eget massa tempor convallis. Nulla neque libero, convallis eget, eleifend luctus, ultricies eu, nibh. Quisque id justo sit amet sapien dignissim vestibulum. Vestibulum ante ipsum primis in faucibus orci luctus et ultrices posuere cubilia Curae; Nulla dapibus dolor vel est. Donec odio justo, sollicitudin ut, suscipit a, feugiat et, eros. Vestibulum ac est lacinia nisi venenatis tristique. Fusce congue, diam id ornare imperdiet, sapien urna pretium nisl, ut volutpat sapien arcu sed augue. Aliquam erat volutpat.'),
(34, 'fbangiardx', '$2y$10$RFHiPyL8dEHAzcl81aG3LuzZdTKtpHnNVzw/BrMUrbNA9lAgJGmrq', 'Francklin Bangiard', 'fbangiardx@prnewswire.com', 'https://robohash.org/similiquelaborumipsum.png?size=250x250&set=set1', '+62-742-944-9389', 'Jacksonville', 'Mutual of Omaha', 'Cardiology', 14.46, 'Etiam faucibus cursus urna. Ut tellus. Nulla ut erat id mauris vulputate elementum.'),
(35, 'sgutowskiy', '$2y$10$KkWBEYLf3n/sEMrRZkSGuutJ7e6G1ms6R1bl.oEHKXgTph6eJjCPO', 'Sabine Gutowski', 'sgutowskiy@cnet.com', 'https://robohash.org/velprovidentveritatis.png?size=250x250&set=set1', '+49-874-278-3191', 'Houston', 'Aetna', 'Psychiatry', 36.82, 'Nulla tellus. In sagittis dui vel nisl. Duis ac nibh.'),
(36, 'mshilitonz', '$2y$10$EbPaiINjo/ck60M7XadAneX0wseRjakNSLh3vJY3BqqN2ff2OhLkG', 'Mora Shiliton', 'mshilitonz@weibo.com', 'https://robohash.org/liberoexquibusdam.png?size=250x250&set=set1', '+385-164-911-1546', 'Houston', 'Thrivent Financial for Lutherans', 'Hematology', 46.53, 'In hac habitasse platea dictumst. Morbi vestibulum, velit id pretium iaculis, diam erat fermentum justo, nec condimentum neque sapien placerat ante. Nulla justo.'),
(37, 'dreucastle10', '$2y$10$zqkyi9sf4Hg6uNLUt9EwDeIuTyz/QLMe9mY4e6c6tylrxrGiuO7uW', 'Dilan Reucastle', 'dreucastle10@so-net.ne.jp', 'https://robohash.org/consecteturnonfugit.png?size=250x250&set=set1', '+351-438-763-8325', 'Fort Worth', 'Thrivent Financial for Lutherans', 'Laboratory', 44.42, 'Integer tincidunt ante vel ipsum. Praesent blandit lacinia erat. Vestibulum sed magna at nunc commodo placerat. Praesent blandit. Nam nulla. Integer pede justo, lacinia eget, tincidunt eget, tempus vel, pede. Morbi porttitor lorem id ligula. Suspendisse ornare consequat lectus. In est risus, auctor sed, tristique in, tempus sit amet, sem.'),
(38, 'mthireau11', '$2y$10$u0rR.VnKAy6GYqvvSprIdeMUzFOHLN85bdh3lX5vySOyQNoIqPR26', 'Moira Thireau', 'mthireau11@icio.us', 'https://robohash.org/asperioresautimpedit.png?size=250x250&set=set1', '+976-360-922-9961', 'Denver', 'Premera Blue Cross', 'Oncology', 52.45, 'Lorem ipsum dolor sit amet, consectetuer adipiscing elit. Proin interdum mauris non ligula pellentesque ultrices. Phasellus id sapien in sapien iaculis congue. Vivamus metus arcu, adipiscing molestie, hendrerit at, vulputate vitae, nisl. Aenean lectus. Pellentesque eget nunc. Donec quis orci eget orci vehicula condimentum. Curabitur in libero ut massa volutpat convallis.'),
(39, 'mmoynham12', '$2y$10$iKT3syHTMJipHgNQxoPWTOJNfhFVaaYy2P3PWIZLyXH8u2dRn87bm', 'Micky Moynham', 'mmoynham12@delicious.com', 'https://robohash.org/minimaplaceatomnis.png?size=250x250&set=set1', '+960-240-725-4050', 'Seattle', 'Fidelis Care', 'Hematology', 37.43, 'Aenean fermentum. Donec ut mauris eget massa tempor convallis. Nulla neque libero, convallis eget, eleifend luctus, ultricies eu, nibh. Quisque id justo sit amet sapien dignissim vestibulum. Vestibulum ante ipsum primis in faucibus orci luctus et ultrices posuere cubilia Curae; Nulla dapibus dolor vel est. Donec odio justo, sollicitudin ut, suscipit a, feugiat et, eros. Vestibulum ac est lacinia nisi venenatis tristique. Fusce congue, diam id ornare imperdiet, sapien urna pretium nisl, ut volutpat sapien arcu sed augue. Aliquam erat volutpat. In congue.'),
(40, 'wbrumby13', '$2y$10$PTX.UHEBaona0FYDZ7OeZuLAWMGLH1POlXDGHua00VCRI50Kxhvw.', 'Wright Brumby', 'wbrumby13@shinystat.com', 'https://robohash.org/aspernaturestoptio.png?size=250x250&set=set1', '+251-864-847-3607', 'Charlotte', 'Bankers Life and Casualty', 'Psychiatry', 70.41, 'Nullam porttitor lacus at turpis. Donec posuere metus vitae ipsum. Aliquam non mauris. Morbi non lectus.'),
(41, 'hlilliman14', '$2y$10$rkmQX3MYjGYKKw4Gk7UbrOHeF.lULo6Eea/Y0rSiAg2EbfmM7JYx6', 'Humfried Lilliman', 'hlilliman14@clickbank.net', 'https://robohash.org/aperiammolestiaeomnis.png?size=250x250&set=set1', '+351-490-436-1907', 'San Francisco', 'Fidelis Care', 'Cardiology', 83.02, 'Quisque ut erat. Curabitur gravida nisi at nibh. In hac habitasse platea dictumst. Aliquam augue quam, sollicitudin vitae, consectetuer eget, rutrum at, lorem. Integer tincidunt ante vel ipsum. Praesent blandit lacinia erat. Vestibulum sed magna at nunc commodo placerat. Praesent blandit.'),
(42, 'bhearse15', '$2y$10$lcoI0bKxIZN9b4kbdvpe3uRNmKwPUR6br/XLPtk5rNaSADGgkuNgG', 'Berte Hearse', 'bhearse15@howstuffworks.com', 'https://robohash.org/uteligendiimpedit.png?size=250x250&set=set1', '+53-474-983-7039', 'San Francisco', 'Conseco', 'Hematology', 27.46, 'Pellentesque viverra pede ac diam. Cras pellentesque volutpat dui. Maecenas tristique, est et tempus semper, est quam pharetra magna, ac consequat metus sapien ut nunc.'),
(43, 'cbreckenridge16', '$2y$10$6DtBIHGt1ZjVTSfSt.I8renlSjvBhBS8zDvVfiCQIiBJvbgxvew5q', 'Carly Breckenridge', 'cbreckenridge16@msu.edu', 'https://robohash.org/sequinobisatque.png?size=250x250&set=set1', '+7-324-901-0710', 'Fort Worth', 'Fidelis Care', 'Psychiatry', 10.58, 'Cras non velit nec nisi vulputate nonummy. Maecenas tincidunt lacus at velit.'),
(44, 'vqueripel17', '$2y$10$cvfyUoqAZcj5p7Dx5uHmd.EQdxNZ0cfDUtMPS86nKiEP.Sy9vYUAi', 'Viki Queripel', 'vqueripel17@jigsy.com', 'https://robohash.org/blanditiisinmolestiae.png?size=250x250&set=set1', '+48-878-347-4009', 'Dallas', 'Conseco', 'Immumnology', 44.87, 'In tempor, turpis nec euismod scelerisque, quam turpis adipiscing lorem, vitae mattis nibh ligula nec sem. Duis aliquam convallis nunc. Proin at turpis a pede posuere nonummy.'),
(45, 'jsapsford18', '$2y$10$uCZAYLslaEmb/OfzRx8HKurwPyWkEOA8is0Wro3c5BqpFhVi1r/Bu', 'Jessalyn Sapsford', 'jsapsford18@sourceforge.net', 'https://robohash.org/inidconsequatur.png?size=250x250&set=set1', '+86-944-656-7950', 'Phoenix', 'Aetna', 'Psychiatry', 70.78, 'Pellentesque viverra pede ac diam. Cras pellentesque volutpat dui.'),
(46, 'bdunge19', '$2y$10$2eq3nVbgtjd1RqSIEVTtseNpejV8w2Rc1LZiWZqFhLPJpnEVaX1m6', 'Bay Dunge', 'bdunge19@mlb.com', 'https://robohash.org/quaerataliquidminima.png?size=250x250&set=set1', '+1-704-305-0391', 'Chicago', 'Conseco', 'Opthalmology', 40.14, 'Donec ut dolor. Morbi vel lectus in quam fringilla rhoncus. Mauris enim leo, rhoncus sed, vestibulum sit amet, cursus id, turpis. Integer aliquet, massa id lobortis convallis, tortor risus dapibus augue, vel accumsan tellus nisi eu orci. Mauris lacinia sapien quis libero. Nullam sit amet turpis elementum ligula vehicula consequat. Morbi a ipsum.'),
(47, 'siacovielli1a', '$2y$10$ik.U827KMMkaIWgRxP.A4uZVRhJ6bVqerryIKL6TWVISRH.MKDjrO', 'Sile Iacovielli', 'siacovielli1a@ftc.gov', 'https://robohash.org/impeditmolestiasin.png?size=250x250&set=set1', '+7-809-331-2090', 'Indianapolis', 'Kaiser Permanente', 'Laboratory', 61.09, 'Vestibulum quam sapien, varius ut, blandit non, interdum in, ante.'),
(48, 'monions1b', '$2y$10$Zmuj1P4TYOw1MTWhq6Qcu.Gj09FMmLJFuHkUAmjZ2wVn./r80mqRe', 'Miller O\'Nions', 'monions1b@nymag.com', 'https://robohash.org/nesciuntfugiatprovident.png?size=250x250&set=set1', '+57-191-784-9676', 'San Antonio', 'CareSource', 'Dental', 41.82, 'Proin interdum mauris non ligula pellentesque ultrices. Phasellus id sapien in sapien iaculis congue.'),
(49, 'llazell1c', '$2y$10$0Eqh6qYvxT/1fnxb14tznOgvmrPH56tmAON/q9Ikl8JkqRQIceDdq', 'Leeland Lazell', 'llazell1c@taobao.com', 'https://robohash.org/accusantiumessesequi.png?size=250x250&set=set1', '+996-159-741-3096', 'San Diego', 'Bankers Life and Casualty', 'Dental', 44.55, 'Aenean auctor gravida sem. Praesent id massa id nisl venenatis lacinia. Aenean sit amet justo. Morbi ut odio. Cras mi pede, malesuada in, imperdiet et, commodo vulputate, justo. In blandit ultrices enim.'),
(50, 'bojeda1d', '$2y$10$vSx8zhtcKYuL.5gR5ugeDex1lSj9tVshfUO1ne2N.9xyQjJiUWfpW', 'Belle Ojeda', 'bojeda1d@constantcontact.com', 'https://robohash.org/placeateiusqui.png?size=250x250&set=set1', '+48-112-115-3109', 'Chicago', 'Conseco', 'Opthalmology', 11.27, 'Nullam porttitor lacus at turpis. Donec posuere metus vitae ipsum.');

-- --------------------------------------------------------

--
-- Table structure for table `patients`
--

CREATE TABLE `patients` (
  `id` int(11) NOT NULL,
  `username` varchar(50) NOT NULL,
  `password` varchar(255) NOT NULL,
  `name` varchar(255) DEFAULT NULL,
  `email` varchar(255) DEFAULT NULL,
  `phone` varchar(50) DEFAULT NULL
) ENGINE=InnoDB DEFAULT CHARSET=utf8mb4;

--
-- Dumping data for table `patients`
--

INSERT INTO `patients` (`id`, `username`, `password`, `name`, `email`, `phone`) VALUES
(1, 'jathy0', '$2y$10$KbXZL1Ywty1mBkMxIlbQ8OKB2oFYtTZVf0h7HZDpExt8.bIZUaW76', 'Jaquelin Athy', 'jathy0@mysql.com', '+55 299 608 4270'),
(2, 'mchristopher1', '$2y$10$LS1IkTJKBR7.VcecEGfpK.5PJHuORY9SavVJJLpH4PyRkh21vgB6G', 'Margot Christopher', 'mchristopher1@bbb.org', '+46 344 778 6585'),
(3, 'hfreschi2', '$2y$10$e1EcCTMuX2Ldmnre3kU3Suov9nyzlOEkxkTig0zEBi5z2sVgLFbCS', 'Hilliard Freschi', 'hfreschi2@tripod.com', '+27 381 804 0480'),
(4, 'pwhal3', '$2y$10$qY/xn40OhRX9RP4yPFtBiOFHfgfbcN8LHh.x6U8kzutXDlXRjSLLa', 'Prinz Whal', 'pwhal3@arizona.edu', '+51 619 305 7690'),
(5, 'chaddeston4', '$2y$10$ryeWiFhXM0CWAsRoDummJuF0wJUiVaRra7XoOuhuuNh8oK13W3oBC', 'Christiane Haddeston', 'chaddeston4@businessinsider.com', '+381 158 253 2167'),
(6, 'atomankowski5', '$2y$10$tmeIF.0KU5OuzE/UdkeqzuvF8BjL2XBwwrMIeqrR3DFBZ.vew88Sa', 'Augusta Tomankowski', 'atomankowski5@ustream.tv', '+62 959 410 8296'),
(7, 'hingham6', '$2y$10$KrlclUM42.Tt16n43HDJ8.cUMsIizon56qBxPkNKkMl4JO3bCF6vi', 'Helge Ingham', 'hingham6@google.pl', '+30 718 903 3004'),
(8, 'alush7', '$2y$10$D2w5okmfR4vxISva4pJOh.dW1FuItXR8JkgH/ZYCF.cvQMSvfiyG.', 'Ade Lush', 'alush7@myspace.com', '+1 384 134 3879'),
(9, 'kcarwithan8', '$2y$10$UpqeREW0aNNGxy67JmY9J.DTJypRxx0poni.zxh1h6RucDUSbA96q', 'Kathie Carwithan', 'kcarwithan8@baidu.com', '+33 600 470 6292'),
(10, 'jvan9', '$2y$10$Kf6f6GYlL7aFDGPiPbLyR.W52vLlxl9pj8G2zFNa1QEx9RfYQ6jOS', 'Justen Van Leeuwen', 'jvan9@home.pl', '+351 265 101 8391'),
(11, 'jsheardowna', '$2y$10$6lYJHZzb5NXk0HFXGqm7P.HFv3MJ6CMpym5kNkIyiqm.eVK25nlZS', 'Jade Sheardown', 'jsheardowna@weather.com', '+507 244 599 3032'),
(12, 'csnashallb', '$2y$10$E6xkhee6HUDwxZ3c8vjiVutUbly1DE.pmwuYA5WsqepCATX9tUWiG', 'Caril Snashall', 'csnashallb@reverbnation.com', '+46 401 556 9083'),
(13, 'wharsesc', '$2y$10$m3jzgV5GdacaxsodARd.Ge4txMqlYFcSSFcAxWPD2ftPHNpMF30qK', 'Westleigh Harses', 'wharsesc@youtube.com', '+81 296 263 4404'),
(14, 'msimonassid', '$2y$10$.XIVt7ywyHLCi/9A7/RrQOXOMgYWb7NMy9iKRO1tytAuXNhgd52HK', 'Mickie Simonassi', 'msimonassid@mit.edu', '+55 613 232 9179'),
(15, 'mmuresse', '$2y$10$y7U7Airqjsq3dx84//fzUeLPHgZ/PSb45iiXRRrVMJRhGX19TmH1i', 'Marten Muress', 'mmuresse@ning.com', '+52 772 549 9768'),
(16, 'stoyef', '$2y$10$OlC3soq3YafQECwH7Oxfc.AVVD5w7S.5kgCnOzxmfugvGZewNRvsK', 'Siward Toye', 'stoyef@purevolume.com', '+233 255 965 1165'),
(17, 'omapstong', '$2y$10$SJCIcV2uePa3SmhV8Uss4uq2fK7fCcKur41qN0pdsjIxY9znyAl6G', 'Osbourn Mapston', 'omapstong@nps.gov', '+95 528 256 3673'),
(18, 'enissleh', '$2y$10$Gxaq1AOeFZ1zNLkGhVuhlubOscEJhq7hXScNkCkvNgUKCN01djy/a', 'Emmett Nissle', 'enissleh@squarespace.com', '+993 722 629 2033'),
(19, 'fstrachani', '$2y$10$tlHlodKuf5NuBqqcVty6guT265ALSaATiDn52QLb/Gabrl/bbzeV6', 'Fredrick Strachan', 'fstrachani@accuweather.com', '+48 947 499 2449'),
(20, 'dmarquessj', '$2y$10$uMBnHO/u/rwHvMHk01Aq2uGM0NlsykHR5yUEVvvf.QhIZvwbLFhSS', 'Delly Marquess', 'dmarquessj@engadget.com', '+62 561 731 7924'),
(21, 'smendezk', '$2y$10$g70YMqrgOYq67ZASmBqsGOrhnCGrFY96fLoes/jQ2Wr95kNXirGiq', 'Stu Mendez', 'smendezk@smugmug.com', '+420 965 203 7952'),
(22, 'ajakubovskyl', '$2y$10$bui0CeMWxSgNyGpUkhEPkeNxTEQZrxtjWYim6AIx6VA5GkXvXdUjO', 'Alverta Jakubovsky', 'ajakubovskyl@xing.com', '+242 720 351 8207'),
(23, 'jsangram', '$2y$10$fYmd7U2T9Xmqac4J0g.U4eLbnnX9TQyOU11wJp6aOYBfxvcumbWc6', 'Jennine Sangra', 'jsangram@walmart.com', '+51 259 435 1931'),
(24, 'rpaynen', '$2y$10$VuG97ZAvYbcoNX0eNZGpJu988HxkU3TsssE5z2aFPJWPtQjfLd5eS', 'Rod Payne', 'rpaynen@yellowbook.com', '+52 980 609 1736'),
(25, 'ssnowo', '$2y$10$61.nNHJ4z1PS4STszmUC3OtCKxrZVfuQ9r/bBThl3eWGFOicEckOu', 'Stormy Snow', 'ssnowo@addthis.com', '+86 632 238 3588'),
(26, 'mhendriksp', '$2y$10$U5XYf6T6sHmFa.PRdkyvOuk.wxIY5IYeAyjg/ktwbCSHWbqperkOq', 'Michal Hendriks', 'mhendriksp@dion.ne.jp', '+63 700 547 6577'),
(27, 'fboakesq', '$2y$10$XCF5NuT.kFqJ5SnV72jEduX72dRdQZf8V2bquCXzn0PvFPn6D/sVm', 'Fredric Boakes', 'fboakesq@nationalgeographic.com', '+51 309 107 1424'),
(28, 'ghalleyboner', '$2y$10$ZcSA18a.lgnY9qlC22CJq.IE5qKGfoQvSmHrFLvAHYXPY8uOtAtbi', 'Genny Halleybone', 'ghalleyboner@stumbleupon.com', '+46 985 905 4159'),
(29, 'tchats', '$2y$10$L90lBFx6QatAg1XwYjMKCuJueoFuxA4p1Pv/W1yMlqTJ0mm9ES0iG', 'Tracie Chat', 'tchats@tumblr.com', '+420 792 535 3628'),
(30, 'rsabertont', '$2y$10$.nChrudU/NsPeJvxVLpXluPmfannKaAxnPTEHRHpB7Kl9EmtiEnA6', 'Rodolfo Saberton', 'rsabertont@apache.org', '+352 231 758 2001'),
(31, 'pbellhouseu', '$2y$10$zH4JH.CeDfytJ8uiy/fEZ.7xPuFJTlcX5LSQ.BNuL5aQve.b7dIUO', 'Petronia Bellhouse', 'pbellhouseu@ihg.com', '+84 544 726 2410'),
(32, 'kpoizerv', '$2y$10$hSzYqj/eRnVkjVZIwy5MBe9TD2Br8jk.ZowmXXXC2jUyUs2rbGQPi', 'Katrinka Poizer', 'kpoizerv@g.co', '+62 479 777 8044'),
(33, 'jshakespearew', '$2y$10$Jz8szSe4c0nzudvj/Bwrauy5teDQ0.lGwOx7e374HvlbRa2TIpp6q', 'Jacynth Shakespeare', 'jshakespearew@stumbleupon.com', '+54 757 981 9673'),
(34, 'awarrenerx', '$2y$10$yMku18ofovEVGRM63YMEWOf22wkyj37iIx8VrTMjwr/J8K5H7w29W', 'Abra Warrener', 'awarrenerx@google.ca', '+63 164 192 9929'),
(35, 'arosenblady', '$2y$10$te8NHG8f.W2jqCDwSoAxb.QiQLp7.OgaE/HGEBVkzreSPmWS6RTSi', 'Anastasia Rosenblad', 'arosenblady@hatena.ne.jp', '+94 951 664 4054'),
(36, 'fpollicotez', '$2y$10$QcCNKSwm4K//BBSXe.4jLOwHP2XyesR7qjwGidUN8JCgetilOvMm2', 'Florry Pollicote', 'fpollicotez@opensource.org', '+55 260 563 1501'),
(37, 'jeingerfield10', '$2y$10$5oYjZ6BmR0Cf1y.KPlAycOnM7Khj/KN2KMRO8O1ZvU0oJ.QB3CABu', 'Jackqueline Eingerfield', 'jeingerfield10@miibeian.gov.cn', '+63 592 642 5684'),
(38, 'mgartrell11', '$2y$10$29/ARahr1qjlGo3ST.nx7..fxAGRzFSuPWjveJwI2/j4QhYOf7/B6', 'Maurise Gartrell', 'mgartrell11@stanford.edu', '+62 875 253 8386'),
(39, 'wyouster12', '$2y$10$KBjBp9jfy2eMJbTg8ni//eZZlXuM0txxmOL.DzLoEfbOvzekHYVNu', 'Waldo Youster', 'wyouster12@vk.com', '+49 703 366 2834'),
(40, 'cbarbie13', '$2y$10$.JT99P/uo6XQ852idS3fUeIxQCVQezxJhCLrthGUTNv921lVYkx6.', 'Cirillo Barbie', 'cbarbie13@army.mil', '+62 155 764 7819'),
(41, 'aflewett14', '$2y$10$UQtm7GYkLtmH4.qcWdr1T.6HfFuI1KgPxr26IzqpdNL0sTeGVNsQC', 'Auria Flewett', 'aflewett14@ibm.com', '+299 700 643 8266'),
(42, 'ckermath15', '$2y$10$7gFgcyglt/IqxGl8MbIsLuwssQJVepR5u8wNpy/V.2TJhZvvcF1ri', 'Care Kermath', 'ckermath15@homestead.com', '+386 962 184 3014'),
(43, 'peagan16', '$2y$10$IHAJ0kQjTXBSFJw2LaLXlOyKmDzpxAd5ynTVrXTYRhiRQX1y1ES/2', 'Patrizio Eagan', 'peagan16@patch.com', '+62 726 532 6977'),
(44, 'mscholler17', '$2y$10$T8uX7j4IeDcHFJl3SA6bBOVWBkwDNg1BK46TZg9MN8dcMPONRKu32', 'Monique Scholler', 'mscholler17@independent.co.uk', '+380 380 556 7473'),
(45, 'gslaight18', '$2y$10$gODL5NoF3qTqz/GEATrWOOCgsyttOOQ4X35rz6Q1rqFruXUSCw5bq', 'Gabie Slaight', 'gslaight18@tuttocitta.it', '+86 417 264 7065'),
(46, 'alindenfeld19', '$2y$10$kIwzU4fKJVWDZxvn.ZZ5i.xb6UMI8gOXo9/YJ5n/lPUflcolGIxUe', 'Amalea Lindenfeld', 'alindenfeld19@freewebs.com', '+351 286 389 5014'),
(47, 'cofarris1a', '$2y$10$oM5kwpNPVxvJoUyez/jH.OeXzLntjlmJ1vGTDdzT6Da9UG39W3Pky', 'Carroll O\'Farris', 'cofarris1a@loc.gov', '+86 355 981 5188'),
(48, 'bavard1b', '$2y$10$04GkVi1jOu5DipqD1IGcF.fsJudjjZso1iI39b/P7IVnmPy2HsyNW', 'Benton Avard', 'bavard1b@mtv.com', '+351 502 181 4536'),
(49, 'bronisch1c', '$2y$10$.2RugZHkNEDN16UpVCkWOu/KfEfVbF/WHEcct/5zto1RZmCi5Oula', 'Brade Ronisch', 'bronisch1c@answers.com', '+46 481 313 2249'),
(50, 'pgillio1d', '$2y$10$YVMQtAi35iW1socdCDJXEe1CqDeS.xcKajv49k2SFbys3ELtzJy/m', 'Prescott Gillio', 'pgillio1d@symantec.com', '+55 467 724 3945'),
(51, 'bpellamonuten1e', '$2y$10$9ULmt7qpZgHQmteuuujbpuBtHn4amkBuDIRaMeWPWlWHiZoVb8YKO', 'Bartlett Pellamonuten', 'bpellamonuten1e@domainmarket.com', '+46 422 978 7353'),
(52, 'sseyffert1f', '$2y$10$OjKrtxoX6bT2pL5fcVNFcuPalzEka6nS.TWaxD0QR.HIIHR2uFGAe', 'Sheppard Seyffert', 'sseyffert1f@mit.edu', '+972 214 572 2456'),
(53, 'abeagen1g', '$2y$10$LvM0O6y4SJOvtYqwgVn3wOfAHJECax.k3om.uK3pQYlld.YpOBSCS', 'Arlie Beagen', 'abeagen1g@ustream.tv', '+62 171 845 2346'),
(54, 'rcaesman1h', '$2y$10$FESwUpLhHVeTB9qOnTeshOPpCgJzGuao/jiipilGQD/TEhtu4Xdsq', 'Rodolph Caesman', 'rcaesman1h@google.com.br', '+55 686 614 7349'),
(55, 'jvassano1i', '$2y$10$rNQxjs.o/qGQnoqTNXQJ1e.TVtSNhL2hOkbd5uOG/f9W1NAqrR0cG', 'Joshuah Vassano', 'jvassano1i@harvard.edu', '+976 295 796 6309'),
(56, 'tleebeter1j', '$2y$10$fkfm3FH./PCUVttw1Mxb5eP8ehubn/qGwiOnI.nB3z5KKx6wRuBu2', 'Teodor Leebeter', 'tleebeter1j@csmonitor.com', '+509 498 297 9997'),
(57, 'mcarlens1k', '$2y$10$qDHJEwAwj28OPAXdELuZKeHVcUqU5cClHV4H20.WzW4jH.gwaOFHm', 'Melba Carlens', 'mcarlens1k@cbc.ca', '+44 704 610 9253'),
(58, 'aloiseau1l', '$2y$10$IOmUTzM1s/qmGeuNawj3zuzKgaiDHDMwq3cOJzqyqKl6LfIroW8D6', 'Arturo L\'oiseau', 'aloiseau1l@linkedin.com', '+86 318 121 6580'),
(59, 'msandbatch1m', '$2y$10$cxKjcKmjX9UrScaklqzApODHMfAHfAhTy.7l.01X8qDmN.P5Q3gV2', 'Maggy Sandbatch', 'msandbatch1m@artisteer.com', '+353 341 149 0444'),
(60, 'eberzin1n', '$2y$10$357uyjdtYpiIampvOD6LOuaeysuKpzCk85eqTbpX7I7wFcZ4ZnGum', 'Eberhard Berzin', 'eberzin1n@arstechnica.com', '+355 316 515 8716'),
(61, 'gcare1o', '$2y$10$60EV1jkv7x1NhSqQjyccyuNygZpj2W/7.orKNGXhdQN5vJO4Tzq4G', 'Gerri Care', 'gcare1o@census.gov', '+48 247 491 8410'),
(62, 'jradeliffe1p', '$2y$10$yAvCNseOlM2vz3d0MR/zteoyQapRBXkIB/TRYDofQ4clcuNd8bxDq', 'Joni Radeliffe', 'jradeliffe1p@home.pl', '+7 167 947 2535'),
(63, 'rmcnutt1q', '$2y$10$YCFhrqdif0GTjGPopLp2fe.GOgFLTEgJ6tTYZyqZ1nzgfswKiWzxa', 'Redford McNutt', 'rmcnutt1q@typepad.com', '+86 100 656 5159'),
(64, 'slardeur1r', '$2y$10$eSQDAbBbU3MVN5dvn8cUvun46jRu0GkaO9bJu2P6A0WhByt/y8i4O', 'Sanders Lardeur', 'slardeur1r@economist.com', '+86 938 453 1348'),
(65, 'brival1s', '$2y$10$QrNs1Ezj85X9b2uC2v4Y7.wVzbvRyjVWiYurO24zt8QTeD0nrRyXC', 'Brigitta Rival', 'brival1s@archive.org', '+55 289 797 3485'),
(66, 'crollin1t', '$2y$10$4T1eEfg0TDZM0vvEWOctJ.5uzWmHHHo6dFJZ5P6iBIdZIcSS9DxB6', 'Connie Rollin', 'crollin1t@eventbrite.com', '+48 370 101 6226'),
(67, 'myushkov1u', '$2y$10$52KitC77BfmeHkSeJmX8ge/L5fVuwAR4xFK53Xl/GVFinLD1jUILy', 'Melitta Yushkov', 'myushkov1u@oracle.com', '+86 128 601 2307'),
(68, 'corrice1v', '$2y$10$.iM7A.GJ22vxPNkmXkJJHugwoyfpGDDkrb7kuUqCVT4.o20oUTLxa', 'Cecil Orrice', 'corrice1v@tiny.cc', '+41 366 764 3342'),
(69, 'pkenworthy1w', '$2y$10$Muz53ZV/5jlLcJ85RlzRCeOFht4FI4MVADc9KyPtup4R6q8rqNG5e', 'Peta Kenworthy', 'pkenworthy1w@naver.com', '+48 263 728 8802'),
(70, 'bgobell1x', '$2y$10$B8pLNjj.Dj4Q4krTSj9tm.zYis2JK3GI6HewbufmdT.0i/KJ2TyiS', 'Bird Gobell', 'bgobell1x@xinhuanet.com', '+1 923 658 3182'),
(71, 'vyakovlev1y', '$2y$10$4oFyEjkMXOVr88nYQWvYfOi9B1UvUcVxe3hKJTvv/OBJb4BUb1K4y', 'Van Yakovlev', 'vyakovlev1y@fotki.com', '+86 241 125 7639'),
(72, 'shadaway1z', '$2y$10$YSdZh1jNcSCa8wtY/oAWme325Cr0T3bA4oadZKDzy.uX6l6vqxJXG', 'Shaylah Hadaway', 'shadaway1z@rediff.com', '+962 988 570 2876'),
(73, 'agorner20', '$2y$10$SS.pcNP52H3KgKqICBmtRuRzTOsVQJHGK5d1P1jLw5adFEm/9EL.i', 'Arie Gorner', 'agorner20@hostgator.com', '+46 231 324 1752'),
(74, 'mnormavill21', '$2y$10$r1eXYUBYhSb4ohZcBqo1keGMthl30lMZOWL4wgyMXtiigHlsTtJYG', 'Marnie Normavill', 'mnormavill21@ucsd.edu', '+33 575 677 9562'),
(75, 'smullard22', '$2y$10$mzflRE0Iqu9QgW2m1/xU8ON4yWD4ZgHnBTKNla/8RkCYStJRWmjdu', 'Shane Mullard', 'smullard22@icq.com', '+62 370 207 4139'),
(76, 'zcantle23', '$2y$10$3kfmO398cObnCmDPKIhsVeEb60yiqOKe7GzhQi/Lz93bzMyiD3GQq', 'Zsazsa Cantle', 'zcantle23@flickr.com', '+63 755 925 3157'),
(77, 'kdumphreys24', '$2y$10$bTxPZkTzJEb/DlcIhJ4cOuhSF0r2K9WsvBk1RECaYJnoFoBP7wKwC', 'Katey Dumphreys', 'kdumphreys24@eepurl.com', '+55 380 745 2731'),
(78, 'mbrothwell25', '$2y$10$Gy2pf5ykDjfI4GfzAQkt7OrB0I3MEDJwdJ7kYHJDsr4SVHcfCj03S', 'Mariam Brothwell', 'mbrothwell25@woothemes.com', '+212 454 686 4385'),
(79, 'atrass26', '$2y$10$RRnpJ7xuoEBCQgQOm82xfeAXOff9FbqvH5/1Sy3jyk1AJX.mR5cYO', 'Amara Trass', 'atrass26@prlog.org', '+850 549 763 4300'),
(80, 'bcarek27', '$2y$10$Ds0OuK9KozQhlOUvY6E2Y.27BMjIsIYZrU49e13jMVqlgPp63CGQ6', 'Bob Carek', 'bcarek27@yellowbook.com', '+993 654 676 8491'),
(81, 'bmoodycliffe28', '$2y$10$HHRtIZLkBd.Swvg/tAwYU.cTJRQLdUEVorwKxLSTKrX.PxihAqLAm', 'Bald Moodycliffe', 'bmoodycliffe28@pinterest.com', '+502 381 127 1050'),
(82, 'cwillowby29', '$2y$10$dPTQxDf/x2VtElk.i/sESuQC1uSAW5GECp2LN8QSgeA5TW.i8k.4G', 'Claudell Willowby', 'cwillowby29@google.es', '+62 891 136 9373'),
(83, 'ltildesley2a', '$2y$10$/YEoCVDNXaBtJ1qTf63gTueI7W1VgDGlskWledeaGXxsQ1tPe5L0m', 'Lillis Tildesley', 'ltildesley2a@csmonitor.com', '+51 447 581 6902'),
(84, 'rboxer2b', '$2y$10$R4cweABoAxpOwZ/.xcrlDuxpBzUpmeVMzEys2RePpwwvog7M6rukq', 'Rodolphe Boxer', 'rboxer2b@ucla.edu', '+62 273 402 8919'),
(85, 'vmartinot2c', '$2y$10$noaKkwYgtkFvDOhQCJ1cnuwsZGFsEG5GGlsj/KraZ1Fft5dNWUtaW', 'Valerie Martinot', 'vmartinot2c@mlb.com', '+86 294 417 1207'),
(86, 'dpessold2d', '$2y$10$l.QiXxw1z0BvpOivHy1YyOl9i0xqu6JNPSGWE6zrSOrMVLO3Z6dRG', 'Dyan Pessold', 'dpessold2d@homestead.com', '+46 540 719 4815'),
(87, 'bstrippel2e', '$2y$10$bL.VVCVB55GCmDqCWJB8D.d4hBsHP1ru.jP0JlJa5GanRejH8Ys3G', 'Bertie Strippel', 'bstrippel2e@example.com', '+86 341 399 8313'),
(88, 'wwye2f', '$2y$10$gF09rcHMygh9Hf8H/INUjewOMhlzXMT4yEKuKjRmQbVIlET5y/vUW', 'Wayne Wye', 'wwye2f@paypal.com', '+62 174 293 9304'),
(89, 'tstritton2g', '$2y$10$dsy59y810uz53LEKFXzfZe5O0S8Q8wh2aWqotxDwMwHdiMUd5S2va', 'Teodoro Stritton', 'tstritton2g@cyberchimps.com', '+62 469 894 2597'),
(90, 'cchaytor2h', '$2y$10$dzExtfcJpBYo//7VgYpi.OkgcsL/ZfZ34dh5bF4u2ZJf/99WTofTG', 'Carmela Chaytor', 'cchaytor2h@csmonitor.com', '+55 941 657 4291'),
(91, 'dbreward2i', '$2y$10$XT4OLX7NQpJiBpoxasNuAO9P.5zSlcWRnn9Gu.zG3JrdIwKT4qIEe', 'Dede Breward', 'dbreward2i@studiopress.com', '+355 766 851 6547'),
(92, 'egonnelly2j', '$2y$10$kvSQO4Y803.mzzw94TGekOw9bwUb0qC5tka5DNOxrV4AyBo7kK9yO', 'Emelita Gonnelly', 'egonnelly2j@loc.gov', '+504 549 685 8227'),
(93, 'kbragge2k', '$2y$10$m1dnnpSYziwILqGCknmXju6Ec215xk0cQlQiMkjM8vFaZF/0KJ2t.', 'Karee Bragge', 'kbragge2k@apache.org', '+54 646 931 5785'),
(94, 'sbuttler2l', '$2y$10$JqVIem0q18b/b5xKivmUtOPpLt4vBeNuCo3BVCkF1lYIKFoKlyZYe', 'Silvan Buttler', 'sbuttler2l@comsenz.com', '+86 266 968 9246'),
(95, 'kilyinski2m', '$2y$10$u..pH57k.aYeKFRGgWT6luNuQYykJIkEYV0toxCyw6zDRcVvQZB1G', 'Kariotta Ilyinski', 'kilyinski2m@kickstarter.com', '+27 257 886 7579'),
(96, 'apetheridge2n', '$2y$10$HsnlOE2wv8xHzshMm47Otee4KgxchdNdbt/OE9coA1hHrrHuf2V4G', 'Arnie Petheridge', 'apetheridge2n@theguardian.com', '+81 374 520 7462'),
(97, 'vformoy2o', '$2y$10$Ipf9likaQOrliqZJfF/2NOCpWUZ.qV4YdsKAJW1i33rXAJc35RZTO', 'Veronique Formoy', 'vformoy2o@discovery.com', '+62 206 616 7411'),
(98, 'dwalesby2p', '$2y$10$LVJNru3rEdWL8n8cVdib4.dLDvb/eJo/Il293nFiwtcanX.rdSFHi', 'Dierdre Walesby', 'dwalesby2p@samsung.com', '+86 383 703 5381'),
(99, 'nlathee2q', '$2y$10$qZXJenQuKuFKlei/cuD5zuqV5yYNfkYEXAbgJBsY6A6sL6J5.hfU2', 'Nikolia Lathee', 'nlathee2q@pinterest.com', '+30 494 342 2841'),
(100, 'adeppe2r', '$2y$10$TARyJzbduBCLEK8HL2onfOnaVCxKaXIp0cDgeP4B25vSHO.sMuhP2', 'Abbe Deppe', 'adeppe2r@naver.com', '+57 225 684 2464');

-- --------------------------------------------------------

--
-- Table structure for table `reviews`
--

CREATE TABLE `reviews` (
  `id` int(11) NOT NULL,
  `date` datetime NOT NULL,
  `content` text DEFAULT NULL,
  `rating` int(11) DEFAULT NULL,
  `patientID` int(11) NOT NULL,
  `doctorID` int(11) NOT NULL
) ENGINE=InnoDB DEFAULT CHARSET=utf8mb4;

--
-- Dumping data for table `reviews`
--

INSERT INTO `reviews` (`id`, `date`, `content`, `rating`, `patientID`, `doctorID`) VALUES
(1, '2022-09-16 07:07:07', 'semper porta volutpat quam pede lobortis ligula sit amet eleifend pede libero quis orci nullam molestie', 9, 52, 2),
(2, '2022-09-10 17:38:04', 'quis turpis eget elit sodales scelerisque mauris sit amet eros suspendisse accumsan tortor quis turpis sed ante vivamus tortor duis mattis egestas metus aenean fermentum donec ut mauris eget massa tempor convallis', 9, 66, 48),
(3, '2022-03-09 04:33:16', 'ligula in lacus curabitur at ipsum ac tellus semper interdum mauris ullamcorper purus sit amet nulla quisque arcu libero rutrum ac lobortis vel dapibus at diam nam tristique tortor eu', 3, 85, 33),
(4, '2022-04-05 00:16:34', 'donec dapibus duis at velit eu est', 4, 98, 10),
(5, '2022-09-18 02:49:29', 'augue luctus tincidunt nulla mollis molestie lorem quisque ut erat curabitur gravida nisi at nibh in hac habitasse platea dictumst aliquam augue quam sollicitudin vitae consectetuer eget rutrum at lorem integer tincidunt ante vel ipsum praesent blandit', 1, 55, 32),
(6, '2022-01-24 03:32:06', 'vestibulum sagittis sapien cum sociis natoque penatibus et magnis dis parturient montes nascetur ridiculus mus etiam vel augue vestibulum rutrum rutrum neque aenean auctor gravida sem praesent', 8, 15, 43),
(7, '2022-12-08 10:30:26', 'ut mauris eget massa tempor convallis nulla neque libero convallis eget eleifend luctus ultricies eu nibh quisque id justo sit amet sapien dignissim vestibulum vestibulum ante ipsum primis in faucibus orci luctus', 4, 83, 20),
(8, '2022-10-18 02:07:46', 'velit nec nisi vulputate nonummy maecenas tincidunt lacus at velit vivamus vel nulla eget eros elementum pellentesque quisque porta volutpat erat quisque erat', 1, 60, 25),
(9, '2022-08-12 01:11:25', 'diam erat fermentum justo nec condimentum neque sapien placerat ante nulla justo aliquam quis turpis eget elit sodales scelerisque mauris sit amet eros suspendisse accumsan tortor quis turpis sed ante vivamus tortor', 4, 29, 8),
(10, '2022-12-15 13:35:07', 'placerat praesent blandit nam nulla integer pede justo lacinia eget tincidunt eget tempus vel pede morbi porttitor lorem id ligula suspendisse ornare consequat lectus in est risus auctor sed tristique in', 5, 9, 31),
(11, '2022-10-13 14:10:06', 'et magnis dis parturient montes nascetur ridiculus mus etiam vel augue vestibulum rutrum rutrum neque aenean auctor gravida', 3, 16, 6),
(12, '2022-04-20 06:35:34', 'luctus et ultrices posuere cubilia curae nulla dapibus dolor vel est donec odio justo sollicitudin ut suscipit a feugiat et eros vestibulum ac est lacinia nisi venenatis tristique fusce congue diam id ornare imperdiet sapien urna pretium nisl ut volutpat sapien arcu sed augue', 5, 8, 5),
(13, '2022-10-11 22:44:44', 'felis fusce posuere felis sed lacus morbi sem mauris laoreet ut rhoncus aliquet pulvinar sed nisl nunc rhoncus dui vel sem sed sagittis nam congue risus semper porta volutpat quam pede lobortis ligula sit amet eleifend pede libero quis orci nullam molestie nibh in lectus pellentesque at', 3, 18, 46),
(14, '2022-12-03 17:27:25', 'ac consequat metus sapien ut nunc vestibulum ante ipsum primis in faucibus orci luctus et ultrices posuere cubilia curae mauris viverra diam vitae quam suspendisse potenti nullam porttitor', 6, 16, 32),
(15, '2022-07-12 01:23:57', 'facilisi cras non velit nec nisi vulputate nonummy maecenas tincidunt lacus at velit vivamus vel nulla', 4, 55, 45),
(16, '2022-12-29 03:04:30', 'urna ut tellus nulla ut erat id mauris vulputate elementum nullam varius nulla facilisi cras', 2, 6, 30),
(17, '2022-12-26 12:17:23', 'in ante vestibulum ante ipsum primis in faucibus orci luctus et ultrices', 1, 89, 15),
(18, '2022-09-20 11:09:03', 'curae mauris viverra diam vitae quam suspendisse potenti nullam porttitor lacus at turpis donec posuere metus vitae ipsum aliquam', 5, 24, 2),
(19, '2021-12-21 06:45:41', 'est congue elementum in hac habitasse platea dictumst morbi vestibulum velit id pretium iaculis diam erat fermentum justo nec condimentum neque sapien placerat ante nulla justo aliquam quis turpis eget elit sodales scelerisque mauris sit amet eros suspendisse accumsan tortor quis turpis sed ante vivamus', 1, 35, 22),
(20, '2022-10-29 19:40:25', 'aliquet ultrices erat tortor sollicitudin', 9, 78, 41),
(21, '2022-01-15 00:44:37', 'convallis duis consequat dui nec nisi volutpat eleifend donec ut dolor morbi vel lectus in quam fringilla rhoncus', 5, 93, 44),
(22, '2022-08-28 01:32:39', 'vel est donec odio justo sollicitudin ut suscipit a feugiat et eros vestibulum ac est', 4, 31, 1),
(23, '2022-07-24 20:29:15', 'praesent blandit lacinia erat vestibulum sed magna at nunc commodo placerat praesent blandit nam nulla integer pede justo lacinia eget tincidunt eget tempus vel pede morbi porttitor lorem id ligula suspendisse ornare consequat lectus in est risus auctor sed tristique in tempus sit amet sem fusce consequat nulla nisl', 2, 54, 16),
(24, '2022-12-31 20:50:45', 'sapien varius ut blandit non interdum in ante vestibulum ante ipsum primis in faucibus orci luctus et ultrices posuere cubilia curae duis faucibus accumsan odio curabitur convallis duis consequat dui nec nisi volutpat', 1, 37, 24),
(25, '2022-04-15 01:20:44', 'aliquet pulvinar sed nisl nunc', 2, 48, 5),
(26, '2022-08-25 16:39:57', 'hac habitasse platea dictumst maecenas ut massa quis augue luctus tincidunt nulla mollis molestie lorem quisque ut erat curabitur gravida nisi at nibh in hac habitasse platea dictumst aliquam augue quam sollicitudin vitae consectetuer eget rutrum at lorem integer tincidunt ante vel ipsum praesent blandit lacinia erat vestibulum', 1, 17, 3),
(27, '2023-01-02 20:09:00', 'mauris vulputate elementum nullam varius nulla facilisi cras non velit nec nisi vulputate nonummy maecenas tincidunt lacus at velit vivamus vel nulla', 5, 13, 47),
(28, '2022-04-20 22:29:12', 'in magna bibendum imperdiet nullam orci pede venenatis non sodales sed tincidunt eu felis fusce posuere felis sed lacus morbi sem mauris laoreet ut rhoncus aliquet pulvinar sed nisl nunc rhoncus dui vel sem sed sagittis nam congue risus', 8, 71, 43),
(29, '2022-04-22 05:49:25', 'quis orci nullam molestie nibh in lectus pellentesque at nulla suspendisse potenti cras in purus eu magna vulputate luctus cum sociis natoque penatibus et', 7, 56, 37),
(30, '2022-07-26 21:25:36', 'sed lacus morbi sem mauris laoreet ut rhoncus aliquet', 2, 49, 29),
(31, '2022-06-27 20:06:27', 'nibh ligula nec sem duis aliquam convallis nunc proin at turpis a pede posuere nonummy integer non velit donec diam neque vestibulum eget vulputate ut ultrices vel augue vestibulum ante ipsum primis in faucibus orci luctus et ultrices posuere cubilia curae donec pharetra magna vestibulum aliquet ultrices erat tortor sollicitudin', 2, 14, 11),
(32, '2022-09-04 13:56:04', 'mollis molestie lorem quisque ut erat curabitur gravida nisi at nibh in hac habitasse platea dictumst aliquam augue quam sollicitudin vitae consectetuer eget rutrum at lorem integer tincidunt ante vel ipsum praesent', 10, 69, 6),
(33, '2022-06-16 07:02:48', 'bibendum felis sed interdum venenatis', 4, 58, 7),
(34, '2022-11-02 20:41:32', 'aliquet maecenas leo odio condimentum id luctus nec molestie sed justo pellentesque viverra pede ac diam cras pellentesque volutpat dui maecenas', 5, 83, 33),
(35, '2022-05-27 14:25:00', 'aliquet maecenas leo odio condimentum id luctus nec molestie sed justo pellentesque viverra pede ac diam cras pellentesque volutpat dui maecenas tristique est et tempus semper est quam pharetra magna ac consequat metus sapien ut nunc vestibulum ante ipsum primis in faucibus orci', 10, 36, 7),
(36, '2022-06-03 07:19:31', 'placerat ante nulla justo aliquam quis turpis eget elit sodales scelerisque mauris sit amet eros suspendisse accumsan tortor quis turpis sed ante vivamus tortor duis mattis egestas metus aenean fermentum donec ut mauris', 10, 5, 33),
(37, '2022-02-24 20:15:57', 'vestibulum sed magna at nunc commodo placerat praesent blandit nam nulla integer pede justo lacinia eget tincidunt eget tempus vel pede morbi porttitor lorem id ligula suspendisse ornare consequat lectus in est risus auctor sed tristique in tempus sit', 2, 16, 27),
(38, '2021-12-14 00:17:00', 'ac neque duis bibendum', 8, 11, 35),
(39, '2022-06-22 01:28:53', 'leo maecenas pulvinar lobortis est phasellus sit amet erat nulla tempus vivamus in', 6, 25, 3),
(40, '2022-10-07 12:10:31', 'mi integer ac neque duis bibendum morbi non quam nec dui luctus rutrum nulla tellus in sagittis dui vel nisl duis ac nibh fusce lacus purus aliquet at feugiat non pretium quis lectus suspendisse potenti in', 10, 19, 50),
(41, '2022-04-12 03:05:52', 'pulvinar nulla pede ullamcorper augue a suscipit nulla elit ac nulla sed vel enim sit amet nunc viverra dapibus', 3, 53, 28),
(42, '2022-08-14 18:16:43', 'ipsum primis in faucibus orci luctus et ultrices posuere cubilia curae nulla dapibus dolor vel est donec odio justo sollicitudin ut suscipit a feugiat et eros vestibulum ac', 9, 5, 2),
(43, '2021-12-20 06:01:36', 'quam sapien varius ut blandit non interdum in ante vestibulum ante ipsum primis in', 6, 36, 24),
(44, '2022-10-24 18:14:00', 'amet sapien dignissim vestibulum vestibulum ante ipsum primis in faucibus orci luctus et ultrices posuere cubilia curae nulla dapibus dolor vel est donec odio justo sollicitudin ut suscipit a feugiat et eros vestibulum ac est lacinia nisi venenatis tristique fusce congue', 7, 55, 13),
(45, '2022-06-18 12:46:41', 'mattis pulvinar nulla pede ullamcorper augue a suscipit nulla elit ac nulla sed vel enim sit amet nunc viverra dapibus nulla suscipit ligula in lacus curabitur at ipsum ac tellus semper interdum mauris ullamcorper purus sit amet nulla quisque arcu libero rutrum ac lobortis vel dapibus', 2, 67, 12),
(46, '2022-08-31 02:07:22', 'faucibus orci luctus et ultrices posuere cubilia curae donec pharetra magna vestibulum aliquet ultrices erat tortor sollicitudin mi sit amet lobortis sapien sapien non mi integer', 3, 79, 24),
(47, '2022-12-16 01:34:06', 'egestas metus aenean fermentum donec ut mauris eget massa tempor convallis nulla neque libero convallis eget eleifend luctus ultricies eu nibh quisque id justo sit amet sapien dignissim vestibulum vestibulum ante ipsum primis in faucibus', 5, 63, 26),
(48, '2022-08-14 04:49:06', 'felis ut at dolor quis odio consequat varius integer ac leo pellentesque ultrices mattis odio donec vitae nisi nam ultrices libero non mattis', 4, 46, 50),
(49, '2022-04-08 21:55:11', 'aenean auctor gravida sem praesent id massa id nisl venenatis lacinia aenean sit amet justo morbi ut odio cras mi pede malesuada in imperdiet et commodo vulputate justo in blandit ultrices enim lorem ipsum dolor sit amet consectetuer adipiscing elit proin interdum mauris non ligula pellentesque ultrices phasellus id sapien', 2, 1, 29),
(50, '2022-02-05 10:33:04', 'in faucibus orci luctus et ultrices posuere cubilia curae mauris viverra diam vitae quam suspendisse potenti nullam porttitor lacus at turpis donec posuere metus', 1, 22, 19),
(51, '2022-08-20 08:50:47', 'dis parturient montes nascetur ridiculus mus vivamus vestibulum sagittis sapien cum sociis natoque penatibus et magnis dis parturient montes nascetur ridiculus mus etiam vel augue vestibulum rutrum rutrum neque aenean auctor gravida sem praesent id massa id nisl venenatis lacinia aenean sit amet justo morbi', 6, 34, 38),
(52, '2022-08-25 00:13:30', 'odio cras mi pede', 2, 7, 7),
(53, '2022-02-28 10:53:17', 'sapien dignissim vestibulum vestibulum ante ipsum primis in faucibus orci luctus et ultrices posuere cubilia curae nulla dapibus dolor vel est donec odio', 1, 38, 30),
(54, '2022-04-18 16:35:34', 'enim leo rhoncus sed vestibulum sit amet cursus id', 9, 80, 3),
(55, '2022-03-04 00:40:17', 'condimentum neque sapien placerat ante nulla justo aliquam quis turpis eget elit sodales scelerisque mauris sit amet eros suspendisse accumsan tortor quis', 4, 22, 25),
(56, '2022-02-02 06:45:11', 'vulputate justo in blandit ultrices enim lorem ipsum dolor sit amet consectetuer adipiscing elit', 5, 66, 3),
(57, '2022-02-24 05:27:50', 'odio elementum eu interdum eu tincidunt in leo maecenas pulvinar lobortis est phasellus sit amet erat nulla tempus vivamus', 4, 68, 29),
(58, '2022-09-09 09:07:05', 'elit proin risus praesent lectus vestibulum quam sapien varius ut blandit non interdum in ante vestibulum ante ipsum primis in faucibus orci luctus et ultrices posuere cubilia curae duis', 10, 70, 36),
(59, '2022-04-29 21:53:08', 'orci eget orci vehicula condimentum curabitur in libero ut massa volutpat convallis morbi odio odio elementum eu interdum eu tincidunt in leo maecenas pulvinar lobortis est phasellus sit amet erat nulla tempus vivamus in felis eu sapien cursus vestibulum proin eu mi nulla ac enim in tempor turpis', 10, 54, 12),
(60, '2022-07-30 02:40:08', 'eu est congue elementum in hac habitasse platea dictumst morbi vestibulum velit id', 1, 89, 41),
(61, '2022-02-26 16:24:20', 'congue risus semper porta volutpat quam pede lobortis ligula sit amet eleifend pede libero quis orci nullam molestie nibh in lectus pellentesque at nulla suspendisse potenti', 2, 96, 45),
(62, '2022-10-13 03:39:33', 'ligula sit amet eleifend pede libero quis orci nullam molestie nibh in lectus pellentesque at nulla suspendisse potenti cras in purus eu magna vulputate luctus cum sociis natoque penatibus et magnis', 3, 18, 42),
(63, '2022-11-04 19:18:27', 'habitasse platea dictumst morbi vestibulum velit id pretium iaculis diam erat fermentum justo nec condimentum neque sapien placerat ante nulla justo aliquam quis turpis eget elit sodales scelerisque mauris sit amet eros suspendisse accumsan tortor quis turpis sed ante vivamus tortor duis mattis egestas metus aenean fermentum donec ut mauris', 4, 91, 22),
(64, '2022-06-19 15:43:11', 'at nulla suspendisse potenti cras in purus eu magna vulputate luctus cum sociis natoque penatibus et magnis dis parturient montes nascetur ridiculus mus vivamus vestibulum sagittis sapien cum sociis natoque penatibus et magnis dis parturient montes nascetur', 2, 20, 44),
(65, '2022-12-04 00:57:16', 'nisi vulputate nonummy maecenas tincidunt lacus at velit vivamus vel nulla eget eros elementum pellentesque quisque porta volutpat erat quisque erat eros viverra eget congue eget semper rutrum nulla nunc purus', 4, 54, 25),
(66, '2022-10-20 23:42:48', 'integer ac leo pellentesque ultrices mattis odio donec vitae nisi nam ultrices libero non mattis pulvinar nulla pede ullamcorper', 10, 25, 42),
(67, '2022-07-21 09:04:18', 'purus aliquet at feugiat non pretium quis lectus suspendisse potenti in eleifend quam a odio in hac habitasse platea dictumst maecenas ut massa quis augue luctus tincidunt nulla mollis molestie lorem quisque ut erat curabitur gravida nisi at nibh in hac habitasse platea dictumst aliquam augue quam sollicitudin', 8, 80, 36),
(68, '2022-06-12 21:39:58', 'et commodo vulputate justo in blandit ultrices enim lorem ipsum dolor sit amet consectetuer adipiscing elit proin interdum mauris non ligula pellentesque ultrices phasellus id sapien in sapien iaculis congue vivamus metus arcu adipiscing molestie hendrerit at vulputate vitae nisl aenean', 4, 40, 36),
(69, '2022-04-24 13:06:24', 'nulla tempus vivamus in felis eu sapien cursus vestibulum proin eu mi nulla ac enim in tempor turpis nec euismod scelerisque quam turpis adipiscing lorem vitae mattis nibh ligula nec sem duis aliquam convallis nunc proin at turpis a pede posuere nonummy', 9, 41, 33),
(70, '2022-11-06 23:38:48', 'curae nulla dapibus dolor vel est donec odio justo sollicitudin ut suscipit a', 8, 28, 21),
(71, '2022-12-02 22:14:30', 'id lobortis convallis tortor risus dapibus augue vel accumsan tellus nisi eu orci mauris lacinia sapien quis libero nullam sit amet turpis elementum ligula vehicula consequat morbi', 4, 100, 43),
(72, '2022-07-06 16:41:42', 'volutpat eleifend donec ut dolor morbi vel lectus in quam fringilla rhoncus mauris enim leo rhoncus sed vestibulum sit', 8, 3, 26),
(73, '2022-05-10 22:28:49', 'justo sit amet sapien dignissim vestibulum vestibulum ante ipsum primis in faucibus orci luctus et ultrices posuere cubilia curae nulla dapibus dolor vel est donec odio justo sollicitudin ut suscipit a feugiat et', 9, 3, 29),
(74, '2022-04-01 16:51:00', 'aliquam sit amet diam in magna bibendum imperdiet nullam orci pede venenatis non sodales sed tincidunt eu felis fusce posuere felis sed lacus morbi sem mauris laoreet ut rhoncus aliquet pulvinar sed', 9, 50, 28),
(75, '2022-05-27 03:55:11', 'in faucibus orci luctus et ultrices posuere cubilia curae duis faucibus accumsan odio curabitur convallis duis consequat dui nec nisi volutpat eleifend donec ut dolor morbi vel lectus in quam fringilla', 6, 17, 6),
(76, '2022-02-23 21:02:34', 'donec ut mauris eget massa tempor convallis nulla neque libero convallis eget eleifend luctus ultricies eu nibh quisque id justo sit amet sapien dignissim vestibulum vestibulum ante ipsum', 10, 71, 46),
(77, '2023-01-13 01:20:28', 'ultrices posuere cubilia curae mauris viverra diam vitae', 8, 87, 1),
(78, '2022-11-18 03:49:58', 'in hac habitasse platea dictumst morbi vestibulum velit id pretium iaculis diam erat fermentum justo nec condimentum neque sapien', 6, 51, 27),
(79, '2022-06-23 09:31:07', 'eget eros elementum pellentesque quisque porta volutpat erat quisque erat eros viverra eget congue eget semper rutrum nulla nunc purus phasellus in', 4, 67, 29),
(80, '2022-08-27 07:33:17', 'in eleifend quam a odio in hac habitasse platea dictumst maecenas ut massa quis augue luctus tincidunt nulla mollis molestie lorem quisque ut erat curabitur gravida nisi at nibh in hac habitasse platea dictumst aliquam augue quam sollicitudin vitae consectetuer eget rutrum at lorem integer tincidunt', 9, 62, 16),
(81, '2022-02-23 18:22:37', 'et ultrices posuere cubilia curae nulla dapibus dolor vel est donec odio justo sollicitudin', 2, 77, 39),
(82, '2022-06-13 23:08:02', 'ante ipsum primis in faucibus orci luctus et ultrices posuere cubilia curae mauris viverra diam vitae quam suspendisse potenti nullam porttitor lacus at turpis donec posuere metus vitae ipsum aliquam non mauris morbi non lectus', 4, 5, 50),
(83, '2021-12-13 16:15:10', 'turpis sed ante vivamus tortor duis mattis egestas metus aenean fermentum donec ut mauris eget massa tempor convallis nulla neque libero convallis eget', 8, 36, 28),
(84, '2022-01-06 14:23:00', 'ac enim in tempor turpis nec euismod scelerisque quam turpis adipiscing lorem vitae mattis nibh ligula nec sem duis aliquam convallis nunc proin at turpis a pede posuere nonummy integer non velit donec diam neque vestibulum eget vulputate', 2, 54, 17),
(85, '2021-12-27 05:06:39', 'etiam faucibus cursus urna ut tellus nulla ut erat id mauris vulputate elementum nullam varius nulla facilisi cras non velit nec nisi vulputate nonummy maecenas tincidunt lacus at velit vivamus vel nulla eget eros elementum pellentesque quisque porta volutpat erat quisque erat', 9, 58, 1),
(86, '2022-08-29 05:30:31', 'orci eget orci vehicula condimentum curabitur in libero ut massa volutpat', 4, 37, 48),
(87, '2022-04-04 08:17:38', 'ac neque duis bibendum morbi non quam nec dui luctus rutrum nulla tellus in sagittis dui vel nisl', 5, 94, 9),
(88, '2022-09-30 00:24:56', 'pulvinar sed nisl nunc rhoncus dui vel sem sed sagittis nam congue risus semper porta volutpat quam', 7, 82, 12),
(89, '2022-06-15 02:16:29', 'donec ut dolor morbi vel lectus in quam fringilla rhoncus mauris enim leo rhoncus sed vestibulum sit amet', 1, 9, 13),
(90, '2022-11-14 04:28:54', 'justo morbi ut odio cras mi pede malesuada in imperdiet et commodo vulputate justo in blandit ultrices enim lorem', 5, 19, 45),
(91, '2022-01-27 17:13:44', 'ante ipsum primis in faucibus orci', 4, 60, 1),
(92, '2022-07-05 00:35:08', 'elementum pellentesque quisque porta volutpat erat quisque erat eros viverra eget congue eget semper rutrum nulla nunc purus phasellus in felis donec semper sapien', 1, 64, 35),
(93, '2022-03-14 08:26:51', 'etiam faucibus cursus urna ut tellus nulla ut erat id mauris vulputate elementum nullam varius nulla facilisi cras non velit nec nisi vulputate nonummy maecenas tincidunt lacus at velit vivamus vel nulla eget eros elementum pellentesque quisque porta', 7, 79, 25),
(94, '2022-07-03 16:37:15', 'justo sit amet sapien dignissim vestibulum vestibulum ante ipsum primis in faucibus orci luctus et ultrices posuere', 10, 75, 47),
(95, '2022-05-27 21:40:10', 'consequat nulla nisl nunc nisl duis bibendum felis sed interdum venenatis turpis enim blandit mi in porttitor pede justo eu massa donec dapibus duis at velit eu est congue elementum in hac habitasse platea dictumst morbi vestibulum velit id', 1, 37, 49),
(96, '2022-09-28 14:02:54', 'quisque id justo sit amet sapien dignissim vestibulum vestibulum ante ipsum primis in faucibus orci luctus et ultrices posuere cubilia curae nulla dapibus dolor vel est donec odio justo sollicitudin ut suscipit a feugiat et eros vestibulum ac est lacinia nisi venenatis tristique fusce congue diam id ornare imperdiet', 1, 81, 33),
(97, '2021-12-04 20:27:05', 'enim lorem ipsum dolor sit amet consectetuer adipiscing elit', 4, 8, 22),
(98, '2022-08-11 06:55:06', 'faucibus orci luctus et ultrices posuere cubilia curae nulla dapibus dolor vel est donec odio justo sollicitudin ut suscipit a feugiat', 8, 88, 18),
(99, '2022-01-19 04:52:05', 'tortor duis mattis egestas metus aenean fermentum donec ut mauris eget massa tempor convallis nulla neque libero convallis eget eleifend luctus ultricies eu nibh quisque id justo sit amet sapien dignissim vestibulum vestibulum ante ipsum primis in faucibus', 6, 44, 34),
(100, '2022-05-30 04:15:09', 'magna vestibulum aliquet ultrices erat tortor sollicitudin mi sit amet lobortis sapien sapien non mi integer ac neque duis bibendum morbi non quam nec dui luctus rutrum nulla tellus in sagittis dui', 1, 51, 48);

-- --------------------------------------------------------

--
-- Stand-in structure for view `users`
-- (See below for the actual view)
--
CREATE TABLE `users` (
`id` int(11)
,`username` varchar(50)
,`email` varchar(255)
,`password` varchar(255)
,`type` varchar(7)
);

-- --------------------------------------------------------

--
-- Structure for view `users`
--
DROP TABLE IF EXISTS `users`;

CREATE ALGORITHM=UNDEFINED DEFINER=`root`@`%` SQL SECURITY DEFINER VIEW `users`  AS SELECT `patients`.`id` AS `id`, `patients`.`username` AS `username`, `patients`.`email` AS `email`, `patients`.`password` AS `password`, 'patient' AS `type` FROM `patients` union all select `doctors`.`id` AS `id`,`doctors`.`username` AS `username`,`doctors`.`email` AS `email`,`doctors`.`password` AS `password`,'doctor' AS `type` from `doctors` union all select `admins`.`id` AS `id`,`admins`.`username` AS `username`,`admins`.`email` AS `email`,`admins`.`password` AS `password`,'admin' AS `type` from `admins`  ;

--
-- Indexes for dumped tables
--

--
-- Indexes for table `admins`
--
ALTER TABLE `admins`
  ADD PRIMARY KEY (`id`),
  ADD UNIQUE KEY `username` (`username`);

--
-- Indexes for table `appointments`
--
ALTER TABLE `appointments`
  ADD PRIMARY KEY (`id`),
  ADD KEY `patientID` (`patientID`),
  ADD KEY `doctorID` (`doctorID`);

--
-- Indexes for table `doctors`
--
ALTER TABLE `doctors`
  ADD PRIMARY KEY (`id`),
  ADD UNIQUE KEY `username` (`username`);

--
-- Indexes for table `patients`
--
ALTER TABLE `patients`
  ADD PRIMARY KEY (`id`),
  ADD UNIQUE KEY `username` (`username`);

--
-- Indexes for table `reviews`
--
ALTER TABLE `reviews`
  ADD PRIMARY KEY (`id`),
  ADD KEY `patientID` (`patientID`),
  ADD KEY `doctorID` (`doctorID`);

--
-- AUTO_INCREMENT for dumped tables
--

--
-- AUTO_INCREMENT for table `admins`
--
ALTER TABLE `admins`
  MODIFY `id` int(11) NOT NULL AUTO_INCREMENT, AUTO_INCREMENT=6;

--
-- AUTO_INCREMENT for table `appointments`
--
ALTER TABLE `appointments`
  MODIFY `id` int(11) NOT NULL AUTO_INCREMENT, AUTO_INCREMENT=201;

--
-- AUTO_INCREMENT for table `doctors`
--
ALTER TABLE `doctors`
  MODIFY `id` int(11) NOT NULL AUTO_INCREMENT, AUTO_INCREMENT=51;

--
-- AUTO_INCREMENT for table `patients`
--
ALTER TABLE `patients`
  MODIFY `id` int(11) NOT NULL AUTO_INCREMENT, AUTO_INCREMENT=101;

--
-- AUTO_INCREMENT for table `reviews`
--
ALTER TABLE `reviews`
  MODIFY `id` int(11) NOT NULL AUTO_INCREMENT, AUTO_INCREMENT=101;

--
-- Constraints for dumped tables
--

--
-- Constraints for table `appointments`
--
ALTER TABLE `appointments`
  ADD CONSTRAINT `appointments_ibfk_1` FOREIGN KEY (`patientID`) REFERENCES `patients` (`id`),
  ADD CONSTRAINT `appointments_ibfk_2` FOREIGN KEY (`doctorID`) REFERENCES `doctors` (`id`);

--
-- Constraints for table `reviews`
--
ALTER TABLE `reviews`
  ADD CONSTRAINT `reviews_ibfk_1` FOREIGN KEY (`patientID`) REFERENCES `patients` (`id`),
  ADD CONSTRAINT `reviews_ibfk_2` FOREIGN KEY (`doctorID`) REFERENCES `doctors` (`id`);
COMMIT;

/*!40101 SET CHARACTER_SET_CLIENT=@OLD_CHARACTER_SET_CLIENT */;
/*!40101 SET CHARACTER_SET_RESULTS=@OLD_CHARACTER_SET_RESULTS */;
/*!40101 SET COLLATION_CONNECTION=@OLD_COLLATION_CONNECTION */;
